entropy_p,entropy_i,NCE_t,issuer,users,covid_topic,education_topic,environment_topic,reopen_topic,transportation_topic,volunteering_topic,policy_pos,policy_neg,reopen,covid_shenzhen,covid_CHN
-1.55E-09,3.65E-07,-0.000468969,1.242236025,15.54968944,-0.080745342,12.08385093,20.04037267,-2.338509317,6.888198758,28.51552795,0,0,0,0,-5.232919255
-1.50E-06,-0.000412937,-0.011348561,-13,-67,473,14,59,32,16,90,0,0,0,-1,-1028
-1.80E-06,1.86E-06,-0.004975426,-7,107,392,-11,66,15,0,93,0.35441801,0,0,0,268
-1.60E-06,0.000119839,-0.005365118,7,62,365,-10,62,16,0,81,1.537,0,0,0,-592
-1.00E-06,0.000194078,-0.002702044,-4,61,337,-12,44,-10,0,70,1.09127,0,0,1,250
-2.00E-07,-0.000113808,-0.004530321,-10,-19,216,-33,42,-13,0,6,0.7748017,0,0,-1,-428
5.00E-07,-0.000364534,-0.007798862,-18,-77,-33,-8,28,-29,8,36,0.550109207,0,0,0,296
-1.00E-07,-0.000331629,-0.006165453,-22,-1,-182,-54,32,-62,3,9,0.390577537,0,0,0,-106
-1.70E-06,-0.000942229,-0.005848013,-4,302,49,-18,30,-13,2,7,0.277310052,0,0,0,29
-5.00E-07,-0.000597469,-0.008569919,-44,30,-99,-12,13,-30,1,26,0.678931504,0,0,0,-111
-4.00E-07,-0.001039683,-0.011862464,-11,111,47,-16,20,-8,5,33,-1.537,0,0,0,101
1.50E-06,-0.000226702,-0.004671284,-28,57,-104,-17,22,-3,-6,13,-1.09127,0,0,0,149
2.20E-06,0.000123202,-0.006884899,-18,22,-184,-36,10,-10,2,3,-0.7748017,0,0,0,-373
8.00E-07,2.67E-05,-0.004675193,-11,76,-107,-9,-1,-16,-4,20,-0.550109207,0,0,1,-78
8.00E-07,0.000241632,-0.00689736,-16,22,-97,-18,11,-6,5,15,-0.390577537,0,0,-1,-8
1.00E-06,0.000158235,-0.002967257,-2,107,-129,-15,2,-5,-11,-9,-0.277310051,0,0,0,23
1.80E-06,0.000209497,-0.003984422,-32,-21,-214,-28,3,-13,8,-31,-1.033349515,0,0,0,2
6.00E-07,-0.000255408,4.10E-05,-18,104,-52,-15,14,-16,0,-11,0,0,0,1,-42
-1.00E-07,-0.000222811,-0.005623396,-5,185,-11,-10,55,11,1,9,0,0,0,-1,-57
3.00E-07,0.000167406,-0.003616734,-15,33,-153,3,23,14,21,-15,0,0,0,0,-1
-1.00E-07,-1.23E-05,-0.000500902,-6,30,-73,-10,29,5,-4,2,0,0,0,0,-25
-4.00E-07,-0.000349691,-0.002483685,-17,60,-24,12,51,11,-7,-18,0,0,0,0,11
1.50E-06,-0.000151871,-0.0042561,-7,-17,-177,-27,26,-26,2,-57,0,0,0,1,6
9.00E-07,-9.26E-05,0.000974965,-13,-13,-74,-18,47,5,-1,-40,0,0,0,-1,-26
1.50E-06,-3.59E-05,-0.004297402,-13,-46,-33,-18,33,-18,-2,-23,0,0,0,0,7
2.20E-06,0.000307268,-0.002909239,-33,-130,-178,-5,21,-18,0,2,0,0,0,0,9
1.70E-06,0.000163246,5.51E-05,-16,-80,-106,1,12,-8,-3,-55,0,0,0,2,2
9.00E-07,0.000268972,0.00116425,-6,-42,-161,1,27,7,0,-53,0,0,0,-1,10
1.30E-06,2.66E-05,-0.000581304,-14,-26,-100,-12,1,0,-2,-20,0,0,0,-1,-4
1.30E-06,-0.000154828,6.82E-05,-12,-34,-110,-11,31,-8,0,7,0,0,0,2,49
3.00E-07,-0.000252722,6.25E-05,-5,23,-110,10,4,-3,-8,-45,0,0,0,0,-19
1.50E-06,0.00029735,0.000135447,-13,31,-61,-6,8,5,-4,-9,0,0,0,4,51
1.80E-06,0.000109502,0.001947726,-17,-49,-234,7,9,-5,-3,-55,0,0,0,-3,-34
1.50E-06,0.000289119,0.006712642,-18,-45,-119,3,-23,-10,-22,-31,0,10,0,0,20
1.30E-06,0.000719572,0.001403131,-13,-32,-202,-1,-20,-4,12,-91,0,0,0,-2,45
2.30E-06,0.000454662,0.00082887,-7,-68,-427,-11,-61,-35,1,-85,0,0,0,-1,-48
1.20E-06,0.00037754,-0.001774303,-15,-17,3,1,1,-1,-4,-25,0,-10,0,1,15
8.00E-07,5.06E-05,-0.002457323,-14,-38,-53,4,-13,-13,4,-21,0,0,0,1,4
9.00E-07,0.00036248,-0.00065365,-2,76,-124,-5,-10,1,3,-28,0,0,0,-1,17
1.00E-06,0.000382533,0.001080858,-4,-28,-90,-5,-10,1,5,-20,0,0,0,1,-7
1.60E-06,0.000741612,0.006625657,-6,-23,-146,-8,3,-4,11,-36,0,0,0,-1,-22
1.20E-06,0.000142562,0.004267885,-15,-54,-86,-3,-7,-11,-5,-28,0,0,0,1,-8
1.30E-06,0.000130261,0.001067149,-2,-93,-135,6,22,0,-2,-42,0,0,0,-1,-12
1.10E-06,-5.24E-05,-0.001073291,-15,-87,-167,18,12,5,14,-38,0,0,0,0,7
7.00E-07,-0.000132621,-0.005943276,-6,-44,-48,-9,36,-2,-2,0,0,0,0,-1,-15
1.36E-06,-0.000318184,-0.004595074,-10,-72,-256,-1,-4,-16,5,-38,0,0,0,1,-19
1.21E-06,0.000200725,-0.005197943,-3,-35,-201,-12,-4,-10,4,-8,0,0,0,0,10
8.66E-07,-0.000129245,-0.001514489,-1,-24,-123,-2,5,0,10,-34,0,0,0,0,6
2.00E-07,-0.000242892,0.00099508,-9,-22,2,10,17,-2,-7,29,0,0,0,0,-9
-8.96E-07,-0.000812864,-0.002376731,-1,-10,114,-2,56,22,0,89,0,0,0,-1,20
1.39E-06,-0.000614588,-0.003917225,-2,-87,-244,-1,14,-6,2,-5,0,0,0,1,6
1.57E-06,-0.000487229,-0.003356068,-2,-97,-140,-5,-10,-18,0,-2,0,0,0,-1,-36
1.09E-06,-0.000523024,-0.003701866,-8,-75,-221,3,0,-12,-4,-4,0,0,0,0,8
1.58E-06,-1.73E-06,-0.001256965,-7,-68,-127,1,8,-5,-2,-67,0,0,0,0,49
1.24E-06,-0.000158084,-0.002596053,-7,-54,-90,-3,-35,0,-12,-14,0,0,0,0,7
-1.26E-06,-6.75E-05,-0.005500672,3,0,82,5,16,12,7,49,0,0,0,0,-26
1.24E-06,-0.000172051,0.003209569,-7,-63,-80,-7,-7,-7,0,-5,0,0,0,2,-45
2.70E-08,-9.16E-05,-0.0015212,4,76,-128,-7,-43,-4,-11,-37,0,0,0,-2,3
1.86E-06,0.000121129,0.002362613,-7,-55,-178,-9,-37,-7,11,2,0,0,0,0,-25
1.89E-06,0.000580756,0.002694253,-5,-95,63,-8,-2,-6,17,-12,0,0,0,1,329
5.19E-06,0.000795344,0.009532691,-18,-121,-389,-13,-68,-26,-2,-90,0,0,0,0,-335
2.15E-06,0.000613698,0.006332753,-5,-39,-164,-19,-16,-13,-2,2,0,0,0,0,15
2.86E-06,0.000719459,0.004935603,-2,-109,-292,-18,-45,-9,-6,-48,0,0,0,-1,-23
3.69E-06,0.000706934,0.002586044,-16,-130,-451,-23,-80,-32,-1,-113,0,0,0,0,24
3.49E-06,0.000704887,0.0041234,-16,-135,-441,-19,-78,-27,2,-57,0,0,0,0,-22
2.14E-06,-0.000180524,-0.000593684,-21,-89,-191,5,-22,-3,8,-21,0,0,0,0,-6
2.16E-06,7.48E-05,-0.001423946,-2,-67,-105,0,-39,-7,-1,-12,0,0,0,0,4
2.23E-06,-0.000181296,-0.004771707,-9,-136,-175,-16,-43,-13,16,-9,0,0,0,0,1
-9.78E-07,5.95E-05,-0.001652881,-2,42,0,11,-2,6,3,33,0,0,0,0,-11
3.61E-06,-8.52E-05,0.004570274,-6,-105,-401,-15,-48,-26,-6,-64,0,0,0,0,3
2.25E-06,0.000642535,-0.005002082,-10,-80,-184,8,-26,-15,-3,19,0,0,0.58846764,0,16
4.31E-06,0.000182373,-0.00151105,-9,-136,-183,-4,-24,-18,-6,-10,0,0.668713227,2.552,1,-18
4.46E-06,-0.000254978,-0.004287359,-11,-146,-143,-3,-28,-15,-11,-27,0,2.9,1.81192,-1,8
3.60E-06,-0.000218301,0.001043838,-24,-181,-361,-1,-33,-14,-17,-20,0,2.059,1.2864632,0,-9
-3.15E-06,-6.10E-05,-0.000866244,7,71,111,18,22,9,5,33,0,4.372286773,0.913388872,0,2
1.13E-06,0.000356341,-0.001541151,-2,-38,-28,6,-7,-5,-4,-16,0,0,0.648506099,0,2
-5.68E-07,-0.000315889,-0.001624622,-4,-3,-35,7,8,-2,2,34,0,0,0.46043933,0,-3
-3.64E-06,-0.000274754,-0.002890227,12,103,189,25,9,12,2,43,0,0,0.326911925,0,-2
-5.07E-06,-0.000534245,-0.002929666,21,157,246,30,33,14,17,60,0,0,0.232107466,0,1
4.79E-07,4.04E-06,-0.003049739,11,-24,-107,4,-20,-12,11,-14,0,0.66871323,0.164796301,0,3
5.76E-07,0.000121435,-0.002861928,3,-19,-52,4,23,-3,31,2,0,-2.900000003,0.117005374,0,-5
1.90E-06,0.000628375,0.003323383,-12,-46,-9,21,-7,6,7,-11,0,-2.059,0.083073816,0,13
4.22E-06,0.000455231,0.004914156,-13,-108,-207,-9,-14,-15,-5,-41,0,-5.709713227,0.058982409,0,6
2.82E-06,0.000477462,-0.003928555,-8,-56,-30,4,0,3,-3,-7,0,0,0.144405208,0,-19
-3.63E-06,-0.000439101,-0.000779744,25,143,59,3,11,-2,22,15,0,0,-2.552,0,6
-3.94E-06,-8.90E-06,-0.005675107,18,99,85,11,33,2,13,45,0,0,-1.81192,0,-1
-4.66E-07,0.000543347,-0.001595598,-3,-16,77,14,28,-3,34,61,0,0,-1.2864632,0,-1
2.83E-06,0.000682595,-0.001890215,-4,-64,85,10,29,8,28,66,0,0,-0.913388872,0,4
8.38E-07,-0.000166493,0.000858474,-3,-58,59,9,0,-1,8,16,0,0,-0.648506099,0,-3
4.40E-07,-0.000107229,0.000314608,2,1,-60,-2,-8,1,-4,2,0,0,-0.460439331,0,4
4.60E-08,-0.000308789,-0.000636615,1,8,15,-3,1,-1,1,-4,0,0,-0.326911924,0,-4
1.43E-06,0.000229118,0.002113842,-14,-87,91,2,21,-5,10,14,0,0,-0.232107467,0,-1
2.59E-07,-7.73E-05,-0.000611859,-6,-18,-41,13,-4,-1,-6,6,0.35441801,0,-0.164796301,0,-3
1.47E-06,-1.13E-05,-0.000696859,-10,-34,32,-5,5,3,-5,8,1.537,0,-0.117005374,0,11
1.84E-06,0.000106296,0.000744841,-10,-62,-48,-11,-19,-4,-28,-21,1.09127,0,-0.083073815,0,-11
1.69E-06,0.000516777,0.002858806,-12,-34,-33,-10,7,-9,-17,29,2.31731199,0,-0.058982409,0,1
3.30E-07,-0.000193835,0.000219018,-2,-2,-16,1,-10,3,-1,-2,0,0,-0.04187751,0,8
2.45E-07,-9.90E-05,0.001913038,-1,-27,-50,-6,-4,-1,1,-17,0,0,-0.029733033,0,-4
5.93E-06,0.0006809,-0.001381208,-11,-113,-142,-17,-21,-4,-15,-54,0,0,-0.021110453,0,-6
3.98E-06,-8.72E-05,-0.000986122,-9,-41,-84,-2,-29,-1,-6,-20,0,0,-0.014988421,0,2
6.86E-06,9.57E-05,0.000814444,-6,-123,-126,-7,-36,-2,-33,-58,0.35441801,0,-0.625163431,0,-3
3.38E-06,8.13E-05,0.001041388,-10,-77,-64,-2,16,3,-32,-49,-1.537,0,0,0,18
5.07E-06,0.000444481,0.002271451,-15,-108,-91,-17,2,-3,-13,-2,-1.09127,0,0,0,-13
1.02E-06,-3.73E-05,-0.001760314,-3,-22,-61,-1,4,-2,0,4,-3.02614801,0,0,0,13
1.40E-06,-0.000151631,0.002740071,-6,-24,-78,-7,-2,2,-3,-28,0,0,0,0,-9
2.08E-06,4.35E-05,-0.006103541,-1,-48,-126,-7,4,1,2,-5,0,0,0,0,-4
4.86E-06,3.62E-05,-0.00256862,-13,-126,-50,-26,2,-2,-16,-34,0,0,0,0,-4
3.97E-07,-0.000551762,-0.002682809,-5,-42,-164,3,2,-3,-19,-2,0,0,0,0,10
3.38E-06,2.75E-05,-0.003616801,4,-63,-127,4,-2,1,-3,8,0,0,0,0,-5
-8.71E-07,-0.000498432,-0.003196901,7,28,-63,-4,14,5,-5,-24,0,0,0,0,3
-4.10E-08,0.000439163,0.003213129,0,-23,-54,-1,4,-1,-1,-3,0,0,0,0,-4
1.72E-06,-0.000217384,-0.001210029,-2,-49,4,-4,-8,-4,-4,2,0,0,0,0,-1
3.17E-07,-0.000696144,-0.002177251,-2,-13,7,-3,-1,2,-5,17,0,0,0,0,-1
-6.14E-07,0.000457258,-0.001393745,11,15,9,-11,3,-8,-4,-22,0,0,0,0,8
-1.95E-06,0.000106072,-0.001057389,6,17,-22,-2,14,0,11,18,0,0,0,0,-4
8.57E-06,0.00117578,0.006000777,-11,-151,-278,-20,-76,-18,-4,-61,0,0,0,0,5
5.14E-06,0.000893416,-0.002956377,-7,-111,-278,-16,-45,-12,-5,-60,0,0,0,0,46
2.84E-07,0.000344142,-0.002110236,0,-7,-31,-3,4,6,0,4,0,0,0,0,-9
-3.27E-06,-5.76E-05,-0.00196686,6,70,166,21,5,8,3,45,0,0,0,0,-4
-3.00E-06,-7.67E-05,-0.000499182,13,58,29,2,45,-4,-3,29,0,0,0,0,-1
-1.07E-06,-0.000489813,-0.000591117,10,-42,-71,0,-8,-5,9,5,0,0,0,0,-8
2.67E-06,0.000590455,0.001899012,-4,-37,25,-11,3,-2,2,1,0,0,0,0,1
-1.72E-06,-0.000173693,0.002447084,-9,68,-9,0,-8,-3,-4,-2,0,0,0,0,-7
2.28E-06,-0.000621473,0.000140375,0,-51,-101,-2,13,-10,-6,25,0,0,0,0,-3
8.22E-07,9.14E-05,-0.00059325,1,27,11,-6,5,-6,6,3,0,0,0,0,-6
-1.24E-06,-5.63E-05,-0.001010778,0,-3,18,3,4,-1,0,11,0,0,0,0,31
-6.13E-06,-0.000608828,-0.00090973,16,165,-22,15,14,-1,13,24,0,0,0,0,-24
2.45E-06,-0.000240865,-0.000145653,1,-22,-62,11,-1,-2,2,5,0,0,0,0,-7
-6.96E-07,-0.000246695,-0.004590051,-4,1,-59,4,-1,3,0,-15,0,0,0,0,8
-7.59E-06,-0.001312168,-0.005174387,4,135,180,1,47,8,10,53,0,0,0,0,-5
-1.05E-05,-0.000996004,-0.000534235,10,175,220,9,101,10,7,67,0,0,0,0,-6
7.74E-07,0.000175429,-0.000190151,0,-17,24,-7,-16,-7,-4,-7,0,0,0,0,-4
5.79E-06,0.000875789,0.00457892,-9,-97,-209,-31,-20,-17,-8,-50,0,0,0,0,9
-5.39E-06,0.000140573,0.00100396,21,191,-52,8,-52,3,8,-17,0,0,0,0,-18
-5.61E-06,-0.000213252,0.002261016,12,212,67,16,24,5,-1,23,0,0,0,0,26
-4.40E-06,-0.000449198,-0.000532748,20,120,75,8,16,-4,2,23,0,0,0,0,-16
-2.28E-06,0.000160357,0.003491286,13,15,56,5,19,12,1,16,0,0,0,0,-6
-4.54E-06,0.000101068,0.003287715,10,124,26,9,50,5,2,-8,0,0,0,0,10
-1.34E-06,0.000249771,0.002596958,0,59,-10,-3,0,2,0,9,0,0,0,0,-5
1.13E-06,9.48E-05,0.00162928,-3,-19,-56,-5,-8,0,0,-14,0,0,0,0,11
-2.73E-07,6.41E-05,0.004391871,-1,13,28,5,-14,1,5,-7,0,0,0,0,-4
-3.71E-06,0.000250276,0.000244459,7,103,85,2,16,3,8,73,0,0,0,0,12
-2.62E-06,0.000224923,-0.000197832,15,71,132,17,-8,2,1,56,0,0,0,0,13
-5.09E-07,-0.000136592,0.001267236,11,79,67,34,-3,-2,9,65,0,0,0,0,-4
-2.67E-06,-0.000548636,-0.003861715,5,55,35,34,19,10,-1,22,0,0,0,0,-7
-4.34E-07,-0.00018226,-0.000201875,-1,-8,16,14,6,0,7,6,0,0,0,0,11
-5.19E-07,0.00010148,-0.000160252,-2,11,-4,12,7,5,1,27,0,0,0,0,9
-3.61E-06,-0.000591677,-0.002242324,5,143,76,21,9,-3,24,109,0,0,0,0,-1
-2.89E-07,-0.0001492,-0.003691844,5,37,0,18,-1,-10,11,37,0,0,0,0,-34
1.90E-07,-3.73E-05,-0.002715706,-8,-27,-50,33,6,0,5,18,0,0,0,0,58
-1.76E-06,-0.000134192,-0.000773874,15,109,-13,33,46,-15,22,46,0,0,0,0,4
-1.26E-06,-0.00019375,-0.002418067,8,178,103,6,-12,-6,11,51,0,0,0,0,-2
6.86E-07,0.000154108,-0.000316471,2,-22,56,4,30,-4,1,17,0,0,0,0,51
-7.21E-07,2.02E-05,0.001110389,1,16,14,-1,12,-2,5,32,0,0,0,0,-47
-6.14E-06,-9.34E-05,0.001906648,7,293,66,29,15,-6,34,79,0,0,0,0,-10
1.31E-06,9.27E-05,0.000879905,-5,-58,-17,36,8,-4,5,-5,0,0,0,0,61
-1.17E-06,-0.000543061,0.00179929,-11,43,-37,15,9,-3,0,31,0,0,0,0,4
-2.15E-06,-2.53E-06,-0.00199919,-4,60,82,20,25,-2,14,44,0,0,0,0,21
-1.18E-06,0.000359687,0.002862997,12,95,157,18,81,-15,33,53,0,0,0,0,19
-3.66E-06,0.00013878,0.002805112,1,111,-32,9,28,-3,-5,7,0,0,0,0,10
-2.17E-06,-0.00061272,0.000176626,2,70,-12,-3,11,-7,17,-6,0,0,0,0,28
-6.80E-06,7.39E-05,0.001965579,14,194,54,70,60,0,-3,-13,0,0,0,0,-5
-5.73E-06,0.00053428,2.23E-06,21,224,-43,37,73,2,15,92,0,0,0,0,11
-2.78E-06,0.000472413,-0.000856106,17,160,26,34,8,-5,24,109,0,0,0,0,53
-1.86E-06,1.26E-05,-6.21E-05,13,27,21,39,-49,-6,20,126,0,0,0,0,-110
-4.49E-06,-5.24E-05,0.001828852,23,97,-101,67,-4,-8,46,168,0,0,0,0,13
-2.17E-06,0.000257022,0.002113687,5,103,-31,26,-16,-1,12,48,0,0,0,0,-21
-6.51E-07,0.000379853,-0.000377439,1,24,83,7,2,0,5,19,0.668713227,0,0,0,-44
6.44E-07,-0.000108574,-0.001514339,-3,-64,-34,-22,0,-7,-20,-38,2.9,0,0,1,-5
-8.91E-07,0.00027147,-0.001473115,0,59,4,-17,2,-3,-4,61,2.059,0,0,-1,13
-5.76E-07,0.000405503,-0.000270098,6,71,-43,-10,29,-12,17,-1,1.46189,0,0,0,11
-6.29E-07,0.000187254,-0.001833541,-4,40,-39,7,16,-6,13,50,1.0379419,0,0,0,-13
6.19E-07,2.01E-05,-0.000795159,-13,-92,-38,-11,-56,11,-3,20,0.736938749,0,0,0,-28
8.15E-07,-0.000215926,-0.000998915,0,-10,-16,-21,-26,-2,-2,15,0.523226512,0,0,0,29
5.97E-07,-0.000160134,-0.001292669,-4,-18,-20,1,-8,3,-12,4,1.281002842,0,0,0,-8
3.52E-06,3.48E-05,-0.004004023,-3,-225,-51,0,-3,0,-1,42,-2.900000003,0,0,2,-52
3.87E-06,-0.000387616,-0.00204738,-14,-156,41,-43,-58,-8,1,-57,-2.059,0,0,-2,21
2.78E-06,-0.00022238,0.000874783,-9,-119,-57,-37,-13,-1,-3,-77,-1.46189,0,0,0,17
2.73E-06,0.000137319,-0.001285163,-16,-49,59,-44,30,-3,-11,-82,-1.0379419,0,0,0,-29
2.92E-06,-0.000146441,-0.002812119,-24,-31,23,-52,68,-1,-30,-123,-0.736938749,0,0,0,-4
3.30E-06,9.64E-05,-0.000417369,-17,-129,-71,-30,-13,0,-14,-66,-0.523226512,0,0,0,32
1.85E-06,0.000161236,0.002263043,-7,-64,-134,-6,13,-3,-6,-27,-1.949716066,0,0,0,-31
-9.46E-07,-5.73E-05,0.001365034,12,60,3,33,11,0,12,34,0,0,0,0,-13
-4.41E-06,-0.00030253,-0.001282255,32,361,19,4,21,-1,7,-40,0,0,0,0,-21
-1.39E-06,-0.000261076,0.002413919,7,-2,27,35,17,3,-2,-7,0,0,0,0,7
-3.39E-07,-0.000363355,-0.002441841,16,52,66,16,-21,1,-11,-32,0,0,0,0,10
-6.14E-06,-0.000509039,-0.003053392,61,341,55,21,81,-6,4,62,0,0,0,0,-12
-3.72E-07,6.37E-05,0.005674072,6,20,-13,22,17,2,6,1,0,0,0,0,3
-5.67E-07,0.000118972,-0.000207307,1,14,5,1,10,-3,6,19,0,0,0,0,-18
-3.26E-06,-0.000470125,0.000384349,41,170,29,21,23,-3,31,18,0,0,0,0,11
-2.95E-06,-0.000364004,0.000943769,38,99,102,91,117,8,21,108,0,0,0,0,-2
-3.90E-06,-6.18E-05,-0.000278782,35,178,141,75,91,4,22,85,0,0,0,0,-2
-5.91E-06,-0.000866315,-0.002115796,96,487,322,200,459,7,11,657,0,0,0,0,-8
-9.40E-06,-0.000999746,0.001590277,74,854,721,238,379,15,81,809,0,0,0,0,6
-1.80E-06,-6.44E-05,0.002034967,5,94,247,36,108,-2,33,172,0,0,0,0,4
-1.40E-06,-0.00032147,0.0002265,9,52,165,20,53,1,32,72,0,0,0,0,-13
-7.30E-06,-0.00058701,0.002874321,85,719,398,210,277,5,87,596,0,0,0,0,1
-6.30E-06,0.000311962,0.002439303,93,673,864,568,571,16,264,1408,0,0,0,0,0
-3.90E-06,0.000593518,0.006695409,64,446,381,228,242,0,104,601,0.668713227,0,0,0,13
-3.80E-06,0.000672077,0.005864425,43,305,238,296,274,3,94,488,2.9,0,0,5,-10
-2.70E-06,0.00068791,0.006320921,18,214,151,299,289,-7,80,425,2.059,0,0,-4,-4
-1.80E-06,0.00020528,0.005121232,19,149,146,64,111,-3,29,252,1.46189,0,0,-1,15
-1.00E-06,0.000202769,0.003659979,15,79,185,78,122,0,18,182,1.0379419,0,0,0,-12
-1.40E-06,0.000220554,0.00621759,20,203,333,250,214,2,84,562,0.736938749,0,0,0,-13
-1.00E-06,0.000604547,0.004478583,32,156,257,254,127,-7,91,537,0.523226512,0,0,0,4
-1.30E-06,0.000273177,0.00165669,40,188,209,213,194,-4,99,665,1.281002842,0,0,0,15
-1.40E-06,-0.000330163,0.003228896,5,136,-144,152,-230,-5,90,47,-2.900000003,0,0,0,-8
-6.00E-07,0.000317203,-0.003076973,16,-31,-329,77,-136,-11,29,158,-2.059,0,0,0,3
-1.40E-06,-2.97E-05,0.003727513,26,109,-50,154,49,0,42,596,-1.46189,0,0,0,6
-2.40E-06,-0.000253275,0.00397672,28,217,176,272,162,4,98,937,-1.0379419,0,0,0,-6
-5.00E-07,-9.25E-05,0.000718535,30,-3,-323,33,-97,-7,86,324,-0.736938749,0,0,0,-7
1.00E-06,-8.45E-05,-0.00187928,-43,-272,-977,-351,-419,-26,-144,-564,-0.523226512,0,0,0,3
1.10E-06,-3.26E-05,0.000552863,-16,-145,-262,-96,-152,-5,-11,-198,-1.949716066,0,0,0,25
2.80E-06,0.000646215,-0.000325948,-37,-212,-581,-377,-323,-15,-89,-588,0,0,0,0,-27
3.00E-06,-0.000199099,-0.004230337,-39,-268,-428,-340,-484,-9,-79,-462,0,0,0,0,9
1.20E-06,-0.000322869,-0.000735865,-11,-64,-12,-77,-96,-2,-10,-239,0,0,0,0,10
9.00E-07,-0.00024518,0.000125398,-17,-74,-131,-77,-111,-1,-16,-129,0,0,0,0,-22
2.80E-06,-0.000441952,-0.006429395,-34,-371,-684,-359,-306,-16,-130,-706,0,0,0,0,4
2.60E-06,-0.000576032,-0.005885866,-54,-387,-588,-387,-288,-9,-116,-697,0,0,0,0,-8
3.00E-06,-0.001315091,-0.008842816,-47,-353,-545,-326,-298,-11,-136,-788,0,0,0,0,5
5.30E-06,-0.001034947,-0.009927405,-79,-609,-503,-386,-289,-8,-93,-745,0,0,0,0,3
3.30E-06,-2.78E-05,-0.000273326,-65,-217,18,-171,-3,-2,-57,-489,0,0,0,0,-3
2.60E-06,8.38E-05,0.002387751,-22,-86,529,6,197,6,-5,-69,0.668713227,0,0,0,12
5.80E-06,-0.001255382,-0.007582756,-72,-494,-158,-259,-152,-6,-108,-828,2.9,0,0,0,-2
3.90E-06,-7.02E-05,-0.001701011,-11,-90,332,-47,93,1,-104,-268,2.059,0.668713227,0,0,-2
1.90E-06,9.08E-05,-0.004439725,-10,-21,409,-24,144,9,-18,-140,1.46189,2.9,0,0,-3
-3.30E-06,0.000234071,-0.004746216,-10,280,287,31,144,0,19,222,1.0379419,2.059,0,0,1
-3.90E-06,0.001615053,0.001468999,66,346,484,239,449,7,93,641,0.736938749,4.372286773,0,0,-2
-3.70E-06,0.001358831,0.007908223,54,289,455,221,526,7,68,524,0.523226512,0,0,0,1
-7.00E-07,0.000138013,0.000858195,4,53,-23,28,78,2,7,73,1.281002842,0,0,0,5
-7.00E-07,6.78E-05,0.002202735,3,25,82,26,74,-1,32,77,-2.900000003,0.66871323,0,0,-1
-2.70E-06,0.000934946,0.005401732,31,301,690,252,286,6,102,614,-2.059,-2.900000003,0,0,-6
-4.00E-06,-0.000348856,-0.000184321,79,494,976,293,448,17,101,899,-1.46189,-2.059,0,0,6
-3.00E-06,-0.000163309,0.000612352,31,243,609,288,450,13,118,752,-1.0379419,4.290286773,0,0,16
-3.70E-06,-0.000610946,-0.002237857,43,333,921,264,454,5,99,699,-0.736938749,-10,0,0,-14
-1.30E-06,9.78E-05,-0.004330819,18,27,256,85,114,4,65,143,-0.523226512,0,0,0,1
1.30E-06,0.000668293,-0.000744322,-8,-118,-566,-176,-238,-9,-17,-515,-1.949716066,0,0,0,1
1.00E-07,-0.000102504,-0.002184125,-5,-24,0,-2,82,0,20,-31,0,0,0,0,-2
-1.30E-06,-0.000237218,-0.00089439,38,229,531,9,238,6,86,364,0,0,0,0,3
-6.00E-07,-5.83E-06,-0.002368606,52,238,829,63,988,7,325,699,0,0,0,0,-18
-1.00E-07,8.72E-05,0.000197225,17,16,838,68,351,6,59,267,0,0,0,0,26
-6.00E-07,9.97E-05,0.000385274,7,74,475,44,186,6,84,279,0,0,0,0,-13
-6.00E-07,0.000210616,-0.001723946,18,91,507,-12,7,1,60,175,0,0,0,0,6
5.00E-07,-8.17E-05,0.001575201,0,-11,-3,-12,30,-1,-22,47,0,0,0,0,-13
0,1.41E-05,0.000870685,1,12,135,-2,52,2,-28,68,0,0,0,0,22
-7.00E-07,0.000697593,0.001018676,18,200,322,0,319,12,113,338,0,0,0,0,-20
5.00E-07,0.000873654,-0.000541793,-17,-41,262,36,188,-10,137,478,0,0,0,0,4
3.00E-07,0.000474712,0.000402005,3,24,555,-9,211,-6,213,411,0,0,0,0,10
4.00E-07,0.000170684,-0.002037597,-5,-24,44,8,246,7,132,377,0,0,0,0,-1
5.00E-07,0.000534787,-0.00132097,-2,26,195,24,373,-7,142,235,0,0,0,0,-10
-2.00E-07,7.57E-05,0.000112695,4,33,30,11,56,1,-48,33,0,0,0,0,4
0,1.70E-05,-0.000316213,3,1,0,13,137,0,-19,146,0,0,0,0,-2
-2.00E-07,9.26E-05,-0.000550039,6,120,-111,1,215,-7,88,60,0,0,0,0,23
-6.00E-07,-0.000132066,0.00085365,4,184,-411,73,-577,-8,-178,-489,0,0,0,0,2
-2.00E-07,-0.000215448,-0.002538672,-5,3,-434,95,71,-8,120,76,0,0,0,0,-18
4.00E-07,-0.000498126,0.002126168,23,17,209,103,106,-4,50,413,0,0,0,0,10
-1.00E-07,-2.45E-05,0.000684724,-1,16,-29,107,556,-1,99,317,0,0,0,0,-13
-4.00E-07,0.000128012,6.04E-05,5,0,41,22,118,0,24,202,0,0,0,0,6
-2.00E-07,7.29E-05,-0.001027226,2,14,91,83,201,-1,203,178,0,0,0,0,26
0,0.000226625,-0.000238368,4,47,80,180,17,-11,65,221,0,0,0,0,-30
-5.00E-07,0.000480465,-0.001935968,17,54,-261,64,106,3,-42,-125,0,0,0,0,2
-4.00E-07,0.000489105,-0.000386066,28,49,-234,262,-1,2,-136,142,0,0,0,0,12
-5.00E-07,0.000140451,-0.000123276,21,119,150,230,39,-4,38,674,0,0,0,0,-1
-1.10E-06,-0.000857265,0.000536557,69,443,-52,271,179,-1,66,620,0,0,0,0,-12
-3.00E-07,0.000380326,0.001837008,14,90,211,72,81,0,66,409,0,0,0,0,16
-6.00E-07,0.000157381,-0.000159433,10,78,75,140,-13,2,118,352,0,0,0,0,-18
-1.80E-06,-0.000450165,-0.0027045,70,304,170,252,144,-2,119,543,0,0,0,0,-1
-1.80E-06,-0.000293082,0.000310071,56,254,420,153,307,-2,186,905,0,0,0,0,9
-1.50E-06,0.000294256,0.001173627,62,294,704,413,569,-1,306,1568,0,0,0,0,-1
-1.70E-06,0.000608311,-0.000771491,51,133,476,512,520,4,319,925,0,0,0,0,-4
0,0.000109058,0.000827022,1,-47,613,351,93,5,223,1167,0,0,0,0,-8
-2.00E-07,0.000114687,-0.000297935,10,34,671,276,281,2,164,577,0,0,0,0,0
0,0.000121873,-0.001726521,9,2,212,-6,158,-1,-98,220,0,0,0,0,0
-6.00E-07,0.000363619,6.89E-06,28,53,1238,340,809,3,346,1511,0,0,0,0,-10
-1.00E-07,0.000696044,-0.000489295,18,27,1234,373,662,18,323,1601,0,0,0,0,9
-7.00E-07,0.000298945,-0.001398674,46,96,928,214,699,-3,352,1772,0,0,0,0,8
-3.00E-07,4.59E-06,-0.000257502,41,38,985,264,387,0,242,1013,0,0,0,0,13
-1.00E-07,-0.000486049,-0.00077309,10,-17,819,112,141,5,193,1050,0,0,0,0,16
-3.00E-07,0.000146189,0.001014195,4,28,395,74,261,1,97,153,0,0,0,0,25
-3.00E-07,-0.000210296,0.000401456,-2,-30,580,137,351,-2,86,155,0,0,0,0,11
6.00E-07,-0.000478677,-5.33E-05,3,-90,566,250,604,0,264,751,0,0,0,0,-11
9.00E-07,0.000199941,-0.000526152,8,-118,457,223,50,16,119,634,0,0,0,0,26
9.00E-07,-0.000181111,-0.002521081,-9,-76,246,-191,3,0,-55,-123,0,0,0,0,-23
1.40E-06,-0.000143117,-0.001885113,-31,-92,448,-47,226,-5,20,670,0,0,0,0,24
2.00E-07,-0.000594446,-0.003956926,11,-40,223,-67,354,10,37,314,0,0,0,0,-8
1.00E-07,0.0001061,0.000310473,2,-22,-222,-142,-113,-1,-83,-154,0,0,0,0,32
-1.00E-07,-9.40E-05,-0.00122558,-5,-27,275,92,44,-1,24,156,0,0,0,0,-24
1.20E-06,0.000313386,-0.000392372,-2,-199,10,-99,-333,-7,-79,108,0,0,0,1,-21
5.00E-07,0.000309918,-0.000708466,6,-72,-418,159,-364,-21,8,-266,0,0,0,-1,38
8.00E-07,-0.000222122,-0.000834413,-23,-138,34,-157,-253,11,10,-246,0,0,0,1,-21
3.00E-07,0.00045013,-0.001475692,-7,-49,-47,-111,-4,7,-98,1,0,0,0,-1,25
1.00E-07,-0.000307657,-0.001493321,-9,0,62,-60,-79,6,-50,-144,0,0,0,0,-11
6.00E-07,3.36E-05,8.94E-05,-1,-41,-264,-28,91,-2,-83,66,0,0,0,1,11
4.00E-07,7.73E-05,0.000156311,-4,-15,-421,-249,-156,0,-151,-72,0,0,0,0,-43
8.00E-07,6.46E-05,-0.001083103,-4,-131,125,118,-478,0,-186,492,0,0,0,-1,27
5.00E-07,-7.00E-05,-0.00045375,-2,-59,-43,-152,-61,-15,-123,135,0,0,0,0,1
6.00E-07,-0.000409882,-0.000469847,-28,-91,-89,3,-174,5,-92,332,0,0,0,0,13
3.00E-07,-0.000237756,2.06E-05,-19,-133,-447,-85,-242,-1,-144,199,0,0,0,1,-31
1.30E-06,-0.000323579,-0.002145836,-22,-221,-213,-164,-512,-16,-57,-432,0,0,0,-1,1
3.00E-07,-0.000217343,-4.84E-06,-1,26,-16,-83,-72,0,-90,-120,0,0,0,0,13
-2.00E-07,-0.000528762,-0.000326924,-13,35,-319,88,109,1,-55,405,0,0,0,0,-11
-1.00E-07,0.00025817,0.00015771,-6,-69,-482,456,446,2,-158,203,0,0,0,0,9
-7.00E-07,-0.000539506,-0.000474918,-1,-94,-162,74,123,8,-62,-257,0,0,0,0,-16
2.00E-07,-0.000390048,0.001365461,-29,-57,-338,238,-166,0,-223,-768,0,0,0,2,20
4.00E-07,-8.41E-05,-8.64E-05,0,-22,-685,-78,-559,-4,-167,-1094,0,0,0,-2,-27
3.70E-06,0.000558203,0.002780846,-56,-336,-1585,-611,-1044,-17,-486,-2288,0,0,0,0,47
2.00E-07,2.99E-05,0.001019989,-14,-5,-331,-134,-559,0,-72,-382,0,0,0,0,-36
1.00E-07,-8.71E-05,-0.000942482,-14,-16,-107,-31,-395,-1,-60,-374,0,0,0,1,0
-1.00E-07,0.000138944,-0.000283367,10,7,-538,-361,-429,1,-151,-1442,0,0,0,-1,-18
6.00E-07,-0.000241203,0.005174932,6,-11,-998,-224,-531,-1,-217,-1858,0,0,0,0,-6
8.00E-07,0.000135626,0.003348997,-21,-149,-991,-251,-583,-3,-206,-1933,0,0,0,0,9
1.30E-06,-0.000165412,0.003280449,-11,-130,-674,-314,-685,6,-248,-2265,0,0,0,0,-4
7.00E-07,-0.000312468,0.004175333,-27,-97,-616,-55,-351,7,-273,-1273,0,0,0,0,3
3.00E-07,-0.000179505,-0.000139287,-5,-8,-397,-55,-244,-2,-2,-480,0,0,0,0,9
2.00E-07,-0.000173975,0.000901642,-5,-12,-265,-209,-509,2,-55,-929,0,0,0,0,3
7.00E-07,-8.26E-05,-0.000445334,-8,-61,-796,-704,-960,3,-122,-1932,0,0,0,0,-17
2.40E-06,-0.000107057,0.001240241,-37,-142,-664,-453,-691,-11,-301,-1445,0,0,0,2,2
2.20E-06,-0.000170536,0.000111472,-19,-199,-519,-354,-429,-12,-186,-1233,0,0,0,-1,8
3.00E-07,-0.000203723,0.000336201,-53,-118,-444,-205,-2,-2,-96,-966,0,0,0,0,-22
-2.60E-06,-0.000489234,-0.000104001,33,170,670,440,775,7,148,639,0,0,0,-1,-2
-6.00E-07,0.000108226,0.000821334,12,64,54,61,124,0,1,-256,0,0,0,0,13
-7.00E-07,9.98E-05,-0.000497666,14,75,-25,44,53,0,20,-97,0,0,0,0,11
-3.00E-07,-2.74E-05,0.000764477,19,-13,-158,-184,-97,-2,-96,-490,0,0,0,1,-23
