entropy_p,entropy_i,NCE_t,issuer,users,tasks,covid_topic,education_topic,environment_topic,reopen_topic,transportation_topic,volunteering_topic,policy,policy_pos,policy_neg,reopen,covid_shenzhen,covid_CHN
6.93E-05,0.055214609,0.423204503,1279,7560,31274,13086,1012,446,853,110,1762,0,0,0,0,1,1751
6.78E-05,0.054801672,0.411855942,1266,7493,33191,13559,1026,505,885,126,1852,0,0,0,0,0,723
6.60E-05,0.054803528,0.406880516,1259,7600,34994,13951,1015,571,900,126,1945,0,0.35441801,0,0,0,991
6.44E-05,0.054923367,0.401515398,1266,7662,36834,14316,1005,633,916,126,2026,0,1.89141801,0,0,0,399
6.34E-05,0.055117445,0.398813354,1262,7723,38421,14653,993,677,906,126,2096,0,2.98268801,0,0,1,649
6.32E-05,0.055003637,0.394283033,1252,7704,39368,14869,960,719,893,126,2102,0,3.75748971,0,0,0,221
6.37E-05,0.054639103,0.386484171,1234,7627,39874,14836,952,747,864,134,2138,0,4.307598917,0,0,0,517
6.36E-05,0.054307474,0.380318718,1212,7626,40671,14654,898,779,802,137,2147,0,4.698176454,0,0,0,411
6.19E-05,0.053365245,0.374470705,1208,7928,41998,14703,880,809,789,139,2154,0,4.975486506,0,0,0,440
6.14E-05,0.052767776,0.365900786,1164,7958,43144,14604,868,822,759,140,2180,0,5.65441801,0,0,0,329
6.10E-05,0.051728093,0.354038322,1153,8069,45132,14651,852,842,751,145,2213,0,4.11741801,0,0,0,430
6.25E-05,0.051501391,0.349367038,1125,8126,46214,14547,835,864,748,139,2226,0,3.02614801,0,0,0,579
6.47E-05,0.051624593,0.342482139,1107,8148,46517,14363,799,874,738,141,2229,0,2.25134631,0,0,0,206
6.55E-05,0.051651248,0.337806946,1096,8224,46936,14256,790,873,722,137,2249,0,1.701237103,0,0,1,128
6.63E-05,0.05189288,0.330909586,1080,8246,47726,14159,772,884,716,142,2264,0,1.310659566,0,0,0,120
6.73E-05,0.052051115,0.327942329,1078,8353,48409,14030,757,886,711,131,2255,0,1.033349515,0,0,0,143
6.91E-05,0.052260612,0.323957907,1046,8332,48678,13816,729,889,698,139,2224,0,0,0,0,0,145
6.97E-05,0.052005204,0.323998916,1028,8436,49310,13764,714,903,682,139,2213,0,0,0,0,1,103
6.96E-05,0.051782393,0.31837552,1023,8621,50047,13753,704,958,693,140,2222,0,0,0,0,0,46
6.99E-05,0.051949799,0.314758786,1008,8654,50358,13600,707,981,707,161,2207,0,0,0,0,0,45
6.98E-05,0.051937548,0.314257884,1002,8684,50808,13527,697,1010,712,157,2209,0,0,0,0,0,20
6.94E-05,0.051587857,0.311774199,985,8744,51728,13503,709,1061,723,150,2191,0,0,0,0,0,31
7.09E-05,0.051435986,0.307518099,978,8727,51953,13326,682,1087,697,152,2134,0,0,0,0,1,37
7.18E-05,0.051343375,0.308493064,965,8714,52414,13252,664,1134,702,151,2094,0,0,0,0,0,11
7.33E-05,0.051307466,0.304195662,952,8668,52847,13219,646,1167,684,149,2071,0,0,0,0,0,18
7.55E-05,0.051614734,0.301286423,919,8538,53037,13041,641,1188,666,149,2073,0,0,0,0,0,27
7.72E-05,0.05177798,0.301341494,903,8458,52958,12935,642,1200,658,146,2018,0,0,0,0,2,29
7.81E-05,0.052046952,0.302505744,897,8416,52897,12774,643,1227,665,146,1965,0,0,0,0,1,39
7.94E-05,0.052073551,0.30192444,883,8390,52840,12674,631,1228,665,144,1945,0,0,0,0,0,35
8.07E-05,0.051918723,0.301992626,871,8356,52788,12564,620,1259,657,144,1952,0,0,0,0,2,84
8.10E-05,0.051666001,0.302055149,866,8379,52934,12454,630,1263,654,136,1907,0,0,0,0,2,65
8.25E-05,0.051963351,0.302190596,853,8410,52752,12393,624,1271,659,132,1898,0,0,0,0,6,116
8.43E-05,0.052072853,0.304138322,836,8361,52302,12159,631,1280,654,129,1843,0,0,0,0,3,82
8.58E-05,0.052361972,0.310850964,818,8316,51799,12040,634,1257,644,107,1812,10,0,10,0,3,102
8.71E-05,0.053081544,0.312254095,805,8284,50918,11838,633,1237,640,119,1721,0,0,10,0,1,147
8.94E-05,0.053536206,0.313082965,798,8216,49172,11411,622,1176,605,120,1636,0,0,10,0,0,99
9.06E-05,0.053913746,0.311308662,783,8199,48845,11414,623,1177,604,116,1611,0,0,0,0,1,114
9.14E-05,0.053964339,0.308851339,769,8161,48403,11361,627,1164,591,120,1590,0,0,0,0,2,118
9.23E-05,0.054326819,0.308197689,767,8237,47897,11237,622,1154,592,123,1562,0,0,0,0,1,135
9.33E-05,0.054709352,0.309278547,763,8209,47453,11147,617,1144,593,128,1542,0,0,0,0,2,128
9.49E-05,0.055450964,0.315904204,757,8186,46807,11001,609,1147,589,139,1506,0,0,0,0,1,106
9.61E-05,0.055593526,0.320172089,742,8132,46134,10915,606,1140,578,134,1478,0,0,0,0,2,98
9.74E-05,0.055723787,0.321239238,740,8039,45935,10780,612,1162,578,132,1436,0,0,0,0,1,86
9.85E-05,0.055671341,0.320165947,725,7952,45419,10613,630,1174,583,146,1398,0,0,0,0,1,93
9.92E-05,0.05553872,0.314222671,719,7908,45209,10565,621,1210,581,144,1398,0,0,0,0,0,78
0.000100561,0.055220536,0.309627597,709,7836,44607,10309,620,1206,565,149,1360,0,0,0,0,1,59
0.000101769,0.055421261,0.304429654,706,7801,44157,10108,608,1202,555,153,1352,0,0,0,0,1,69
0.000102635,0.055292016,0.302915165,705,7777,43557,9985,606,1207,555,163,1318,0,0,0,0,1,75
0.000102835,0.055049124,0.303910245,696,7755,43546,9987,616,1224,553,156,1347,0,0,0,0,1,66
0.000101939,0.05423626,0.301533514,695,7745,44421,10101,614,1280,575,156,1436,0,0,0,0,0,86
0.000103328,0.053621672,0.297616289,693,7658,43731,9857,613,1294,569,158,1431,0,0,0,0,1,92
0.000104899,0.053134443,0.294260221,691,7561,43057,9717,608,1284,551,158,1429,0,0,0,0,0,56
0.000105991,0.052611419,0.290558355,683,7486,42386,9496,611,1284,539,154,1425,0,0,0,0,0,64
0.000107574,0.05260969,0.28930139,676,7418,41966,9369,612,1292,534,152,1358,0,0,0,0,0,113
0.000108817,0.052451606,0.286705337,669,7364,41464,9279,609,1257,534,140,1344,0,0,0,0,0,120
0.000107554,0.052384074,0.281204665,672,7364,42122,9361,614,1273,546,147,1393,0,0,0,0,0,94
0.000108794,0.052212023,0.284414234,665,7301,41571,9281,607,1266,539,147,1388,0,0,0,0,2,49
0.000108821,0.052120472,0.282893034,669,7377,41168,9153,600,1223,535,136,1351,0,0,0,0,0,52
0.000110677,0.052241601,0.285255647,662,7322,40520,8975,591,1186,528,147,1353,0,0,0,0,0,27
0.000112569,0.052822357,0.2879499,657,7227,39891,9038,583,1184,522,164,1341,0,0,0,0,1,356
0.000117755,0.053617701,0.297482591,639,7106,37872,8649,570,1116,496,162,1251,0,0,0,0,1,21
0.0001199,0.054231399,0.303815344,634,7067,37228,8485,551,1100,483,160,1253,0,0,0,0,1,36
0.00012276,0.054950858,0.308750947,632,6958,35982,8193,533,1055,474,154,1205,0,0,0,0,0,13
0.000126454,0.055657792,0.311336991,616,6828,33621,7742,510,975,442,153,1092,0,0,0,0,0,37
0.000129948,0.056362679,0.315460391,600,6693,31530,7301,491,897,415,155,1035,0,0,0,0,0,15
0.000132088,0.056182155,0.314866707,579,6604,30864,7110,496,875,412,163,1014,0,0,0,0,0,9
0.000134245,0.056256925,0.313442761,577,6537,30385,7005,496,836,405,162,1002,0,0,0,0,0,13
0.000136471,0.056075629,0.308671054,568,6401,29548,6830,480,793,392,178,993,0,0,0,0,0,14
0.000135493,0.056135166,0.307018173,566,6443,29923,6830,491,791,398,181,1026,0,0,0,0,0,3
0.0001391,0.05604999,0.311588447,560,6338,28126,6429,476,743,372,175,962,10,0,0,0,0,6
0.000141349,0.056692525,0.306586365,550,6258,27468,6245,484,717,357,172,981,0,0,0,0.58846764,0,22
0.000145659,0.056874898,0.305075315,541,6122,26633,6062,480,693,339,166,971,0,0,0.668713227,3.14046764,1,4
0.000150117,0.05661992,0.300787956,530,5976,25793,5919,477,665,324,155,944,0,0,3.568713227,4.95238764,0,12
0.000153714,0.056401619,0.301831794,506,5795,25025,5558,476,632,310,138,924,10,0,5.627713227,6.23885084,0,3
0.00015056,0.056340586,0.30096555,513,5866,26014,5669,494,654,319,143,957,0,0,10,7.152239712,0,5
0.000151686,0.056696927,0.299424399,511,5828,25856,5641,500,647,314,139,941,0,0,10,7.800745811,0,7
0.000151118,0.056381038,0.297799777,507,5825,25977,5606,507,655,312,141,975,0,0,10,8.261185141,0,4
0.000147475,0.056106284,0.29490955,519,5928,27108,5795,532,664,324,143,1018,0,0,10,8.588097066,0,2
0.000142402,0.055572039,0.291979884,540,6085,28415,6041,562,697,338,160,1078,0,0,10,8.820204532,0,3
0.000142881,0.055576077,0.288930145,551,6061,28020,5934,566,677,326,171,1064,0,0,10.66871323,8.985000833,0,6
0.000143457,0.055697512,0.286068217,554,6042,27897,5882,570,700,323,202,1066,0,0,7.768713227,9.102006207,0,1
0.000145361,0.056325887,0.2893916,542,5996,27880,5873,591,693,329,209,1055,0,0,5.709713227,9.185080023,0,14
0.000149576,0.056781118,0.294305756,529,5888,26755,5666,582,679,314,204,1014,0,0,0,9.244062432,0,20
0.000152398,0.05725858,0.290377201,521,5832,26589,5636,586,679,317,201,1007,0,0,0,9.38846764,0,1
0.000148767,0.056819479,0.289597457,546,5975,26861,5695,589,690,315,223,1022,0,0,0,6.83646764,0,7
0.000144828,0.056810578,0.28392235,564,6074,27140,5780,600,723,317,236,1067,0,0,0,5.02454764,0,6
0.000144362,0.057353925,0.282326752,561,6058,27580,5857,614,751,314,270,1128,0,0,0,3.73808444,0,5
0.000147189,0.05803652,0.280436537,557,5994,28049,5942,624,780,322,298,1194,0,0,0,2.824695568,0,9
0.000148027,0.057870027,0.281295011,554,5936,28142,6001,633,780,321,306,1210,0,0,0,2.176189469,0,6
0.000148467,0.057762798,0.281609619,556,5937,28088,5941,631,772,322,302,1212,0,0,0,1.715750138,0,10
0.000148513,0.057454009,0.280973004,557,5945,28067,5956,628,773,321,303,1208,0,0,0,1.388838214,0,6
0.000149946,0.057683127,0.283086846,543,5858,28117,6047,630,794,316,313,1222,0,0,0,1.156730747,0,5
0.000150205,0.057605853,0.282474987,537,5840,28084,6006,643,790,315,307,1228,0,0.35441801,0,0.991934446,0,2
0.000151679,0.057594569,0.281778128,527,5806,28104,6038,638,795,318,302,1236,0,1.89141801,0,0.874929072,0,13
0.00015352,0.057700865,0.282522969,517,5744,27760,5990,627,776,314,274,1215,10,2.98268801,0,0.791855257,0,2
0.000155215,0.058217642,0.285381775,505,5710,27589,5957,617,783,305,257,1244,0,5.3,0,0.732872848,0,3
0.000155545,0.058023807,0.285600793,503,5708,27590,5941,618,773,308,256,1242,0,5.3,0,0.690995338,0,11
0.00015579,0.05792483,0.287513831,502,5681,27442,5891,612,769,307,257,1225,0,5.3,0,0.661262305,0,7
0.00016172,0.05860573,0.286132623,491,5568,26771,5749,595,748,303,242,1171,0,5.3,0,0.640151852,0,1
0.000165704,0.058518546,0.285146501,482,5527,26310,5665,593,719,302,236,1151,0,5.3,0,0.625163431,0,3
0.000172566,0.058614197,0.285960945,476,5404,25602,5539,586,683,300,203,1093,0,5.65441801,0,0,0,0
0.000175941,0.058695476,0.287002333,466,5327,25170,5475,584,699,303,171,1044,0,4.11741801,0,0,0,18
0.000181013,0.059139957,0.289273784,451,5219,24789,5384,567,701,300,158,1042,0,3.02614801,0,0,0,5
0.00018203,0.059102645,0.28751347,448,5197,24570,5323,566,705,298,158,1046,0,0,0,0,0,18
0.00018343,0.058951014,0.290253541,442,5173,24341,5245,559,703,300,155,1018,0,0,0,0,0,9
0.000185512,0.058994483,0.28415,441,5125,24028,5119,552,707,301,157,1013,0,0,0,0,0,5
0.000190368,0.059030725,0.28158138,428,4999,23557,5069,526,709,299,141,979,0,0,0,0,0,1
0.000190765,0.058478963,0.278898571,423,4957,23194,4905,529,711,296,122,977,0,0,0,0,0,11
0.000194148,0.058506473,0.27528177,427,4894,22926,4778,533,709,297,119,985,0,0,0,0,0,6
0.000193277,0.058008041,0.272084869,434,4922,22797,4715,529,723,302,114,961,0,0,0,0,0,9
0.000193236,0.058447204,0.275297998,434,4899,22554,4661,528,727,301,113,958,0,0,0,0,0,5
0.000194952,0.05822982,0.274087969,432,4850,22466,4665,524,719,297,109,960,0,0,0,0,0,4
0.000195269,0.057533676,0.271910718,430,4837,22240,4672,521,718,299,104,977,0,0,0,0,0,3
0.000194655,0.057990934,0.270516973,441,4852,22054,4681,510,721,291,100,955,0,0,0,0,0,11
0.00019271,0.058097006,0.269459584,447,4869,21738,4659,508,735,291,111,973,0,0,0,0,0,7
0.000201277,0.059272786,0.275460361,436,4718,20244,4381,488,659,273,107,912,0,0,0,0,0,12
0.000206415,0.060166202,0.272503984,429,4607,18899,4103,472,614,261,102,852,0,0,0,0,0,58
0.000206699,0.060510344,0.270393748,429,4600,18916,4072,469,618,267,102,856,0,0,0,0,0,49
0.000203433,0.06045275,0.268426888,435,4670,19739,4238,490,623,275,105,901,0,0,0,0,0,45
0.000200434,0.060376014,0.267927706,448,4728,19740,4267,492,668,271,102,930,0,0,0,0,0,44
0.000199363,0.059886201,0.267336589,458,4686,19460,4196,492,660,266,111,935,0,0,0,0,0,36
0.000202032,0.060476656,0.269235601,454,4649,19320,4221,481,663,264,113,936,0,0,0,0,0,37
0.000200312,0.060302963,0.271682685,445,4717,19225,4212,481,655,261,109,934,0,0,0,0,0,30
0.000202588,0.05968149,0.27182306,445,4666,19096,4111,479,668,251,103,959,0,0,0,0,0,27
0.00020341,0.0597729,0.27122981,446,4693,19080,4122,473,673,245,109,962,0,0,0,0,0,21
0.000202168,0.059716591,0.270219032,446,4690,19057,4140,476,677,244,109,973,0,0,0,0,0,52
0.000196038,0.059107763,0.269309302,462,4855,19310,4118,491,691,243,122,997,0,0,0,0,0,28
0.000198485,0.058866898,0.269163649,463,4833,19232,4056,502,690,241,124,1002,0,0,0,0,0,21
0.000197789,0.058620203,0.264573598,459,4834,19384,3997,506,689,244,124,987,0,0,0,0,0,29
0.000190202,0.057308035,0.259399211,463,4969,20683,4177,507,736,252,134,1040,0,0,0,0,0,24
0.000179747,0.056312031,0.258864976,473,5144,21976,4397,516,837,262,141,1107,0,0,0,0,0,18
0.000180521,0.05648746,0.258674825,473,5127,21882,4421,509,821,255,137,1100,0,0,0,0,0,14
0.000186311,0.057363249,0.263253745,464,5030,20754,4212,478,801,238,129,1050,0,0,0,0,0,23
0.000180917,0.057503822,0.264257705,485,5221,20953,4160,486,749,241,137,1033,0,0,0,0,0,5
0.000175304,0.05729057,0.266518721,497,5433,21472,4227,502,773,246,136,1056,0,0,0,0,0,31
0.000170903,0.056841372,0.265985973,517,5553,21724,4302,510,789,242,138,1079,0,0,0,0,0,15
0.000168623,0.057001729,0.269477259,530,5568,21932,4358,515,808,254,139,1095,0,0,0,0,0,9
0.000164079,0.057102797,0.272764974,540,5692,22198,4384,524,858,259,141,1087,0,0,0,0,0,19
0.000162743,0.057352568,0.275361932,540,5751,22278,4374,521,858,261,141,1096,0,0,0,0,0,14
0.000163871,0.057447354,0.276991212,537,5732,22175,4318,516,850,261,141,1082,0,0,0,0,0,25
0.000163598,0.057511429,0.281383083,536,5745,22160,4346,521,836,262,146,1075,0,0,0,0,0,21
0.000159886,0.057761705,0.281627542,543,5848,22589,4431,523,852,265,154,1148,0,0,0,0,0,33
0.000157269,0.057986628,0.28142971,558,5919,22994,4563,540,844,267,155,1204,0,0,0,0,0,46
0.00015676,0.057850036,0.282696946,569,5998,23247,4630,574,841,265,164,1269,0,0,0,0,0,42
0.000154087,0.0573014,0.278835231,574,6053,23549,4665,608,860,275,163,1291,0,0,0,0,0,35
0.000153653,0.05711914,0.278633356,573,6045,23603,4681,622,866,275,170,1297,0,0,0,0,0,46
0.000153134,0.05722062,0.278473104,571,6056,23674,4677,634,873,280,171,1324,0,0,0,0,0,55
0.000149527,0.056628943,0.27623078,576,6199,24025,4753,655,882,277,195,1433,0,0,0,0,0,54
0.000149238,0.056479743,0.272538936,581,6236,24050,4753,673,881,267,206,1470,0,0,0,0,0,20
0.000149428,0.056442489,0.26982323,573,6209,24204,4703,706,887,267,211,1488,0,0,0,0,0,78
0.00014767,0.056308297,0.269049356,588,6318,24297,4690,739,933,252,233,1534,0,0,0,0,0,82
0.000146413,0.056114547,0.266631289,596,6496,24382,4793,745,921,246,244,1585,0,0,0,0,0,80
0.000147099,0.056268655,0.266314818,598,6474,24344,4849,749,951,242,245,1602,0,0,0,0,0,131
0.000146378,0.056288847,0.267425207,599,6490,24517,4863,748,963,240,250,1634,0,0,0,0,0,84
0.000140241,0.056195426,0.269331855,606,6783,25260,4929,777,978,234,284,1713,0,0,0,0,0,74
0.000141548,0.056288147,0.27021176,601,6725,25318,4912,813,986,230,289,1708,0,0,0,0,0,135
0.000140374,0.055745086,0.27201105,590,6768,25627,4875,828,995,227,289,1739,0,0,0,0,0,139
0.000138223,0.055742558,0.27001186,586,6828,25997,4957,848,1020,225,303,1783,0,0,0,0,0,160
0.000137047,0.056102245,0.272874857,598,6923,26541,5114,866,1101,210,336,1836,0,0,0,0,0,179
0.000133385,0.056241025,0.275679969,599,7034,26847,5082,875,1129,207,331,1843,0,0,0,0,0,189
0.00013121,0.055628305,0.275856595,601,7104,27055,5070,872,1140,200,348,1837,0,0,0,0,0,217
0.000124408,0.055702246,0.277822174,615,7298,27849,5124,942,1200,200,345,1824,0,0,0,0,0,212
0.000118677,0.056236526,0.277824403,636,7522,28657,5081,979,1273,202,360,1916,0,0,0,0,0,223
0.000115893,0.056708939,0.276968297,653,7682,29241,5107,1013,1281,197,384,2025,0,0,0,0,0,276
0.000114038,0.05672149,0.276906188,666,7709,29900,5128,1052,1232,191,404,2151,0,0,0,0,0,166
0.000109548,0.056669049,0.27873504,689,7806,30546,5027,1119,1228,183,450,2319,10,0,0,0,0,179
0.000107377,0.056926071,0.280848727,694,7909,31271,4996,1145,1212,182,462,2367,0,0,0,0,0,158
0.000106726,0.057305924,0.280471288,695,7933,31447,5079,1152,1214,182,467,2386,0,0.668713227,0,0,0,114
0.00010737,0.05719735,0.278956949,692,7869,31243,5045,1130,1214,175,447,2348,0,3.568713227,0,0,1,109
0.000106479,0.05746882,0.277483834,692,7928,31282,5049,1113,1216,172,443,2409,0,5.627713227,0,0,0,122
0.000105903,0.057874323,0.277213736,698,7999,31111,5006,1103,1245,160,460,2408,0,7.089603227,0,0,0,133
0.000105274,0.058061577,0.275380195,694,8039,31215,4967,1110,1261,154,473,2458,0,8.127545127,0,0,0,120
0.000105893,0.058081711,0.274585036,681,7947,31088,4929,1099,1205,165,470,2478,0,8.864483876,0,0,0,92
0.000106708,0.057865785,0.273586121,681,7937,30796,4913,1078,1179,163,468,2493,0,9.387710388,0,0,0,121
0.000107305,0.057705651,0.272293452,677,7919,30675,4893,1079,1171,166,456,2497,0,10.66871323,0,0,0,113
0.000110828,0.05774045,0.268289429,674,7694,30382,4842,1079,1168,166,455,2539,0,7.768713227,0,0,2,61
0.000114697,0.057352834,0.266242049,660,7538,29803,4883,1036,1110,158,456,2482,0,5.709713227,0,0,0,82
0.000117481,0.057130454,0.267116832,651,7419,29352,4826,999,1097,157,453,2405,0,4.247823227,0,0,0,99
0.000120214,0.057267773,0.265831669,635,7370,28928,4885,955,1127,154,442,2323,0,3.209881327,0,0,0,70
0.000123136,0.057121332,0.26301955,611,7339,28667,4908,903,1195,153,412,2200,0,2.472942578,0,0,0,66
0.000126431,0.057217708,0.262602181,594,7210,27830,4837,873,1182,153,398,2134,0,1.949716066,0,0,0,98
0.000128282,0.057378944,0.264865224,587,7146,27501,4703,867,1195,150,392,2107,0,0,0,0,0,67
0.000127336,0.057321664,0.266230258,599,7206,27565,4706,900,1206,150,404,2141,0,0,0,0,0,54
0.000122925,0.057019134,0.264948003,631,7567,28041,4725,904,1227,149,411,2101,0,0,0,0,0,33
0.000121531,0.056758058,0.267361922,638,7565,28649,4752,939,1244,152,409,2094,0,0,0,0,0,40
0.000121192,0.056394703,0.264920081,654,7617,28752,4818,955,1223,153,398,2062,0,0,0,0,0,50
0.000115053,0.055885664,0.261866689,715,7958,29527,4873,976,1304,147,402,2124,0,0,0,0,0,38
0.000114681,0.055949356,0.267540761,721,7978,29590,4860,998,1321,149,408,2125,0,0,0,0,0,41
0.000114114,0.056068328,0.267333454,722,7992,29709,4865,999,1331,146,414,2144,0,0,0,0,0,23
0.000110858,0.055598203,0.267717803,763,8162,30442,4894,1020,1354,143,445,2162,0,0,0,0,0,34
0.000107909,0.055234199,0.268661572,801,8261,31335,4996,1111,1471,151,466,2270,0,0,0,0,0,32
0.000104007,0.055172389,0.26838279,836,8439,32566,5137,1186,1562,155,488,2355,0,0,0,0,0,30
9.81E-05,0.054306074,0.266266994,932,8926,34024,5459,1386,2021,162,499,3012,0,0,0,0,0,22
8.87E-05,0.053306328,0.267857271,1006,9780,36445,6180,1624,2400,177,580,3821,0,0,0,0,0,28
8.69E-05,0.053241942,0.269892238,1011,9874,37260,6427,1660,2508,175,613,3993,0,0,0,0,0,32
8.55E-05,0.052920472,0.270118738,1020,9926,37986,6592,1680,2561,176,645,4065,0,0,0,0,0,19
7.82E-05,0.052333462,0.272993059,1105,10645,41045,6990,1890,2838,181,732,4661,0,0,0,0,0,20
7.19E-05,0.052645424,0.275432362,1198,11318,44025,7854,2458,3409,197,996,6069,10,0,0,0,0,20
6.80E-05,0.053238942,0.282127771,1262,11764,46589,8235,2686,3651,197,1100,6670,0,0.668713227,0,0,0,33
6.42E-05,0.053911019,0.287992196,1305,12069,49382,8473,2982,3925,200,1194,7158,0,3.568713227,0,0,5,23
6.15E-05,0.054598929,0.294313117,1323,12283,51961,8624,3281,4214,193,1274,7583,0,5.627713227,0,0,1,19
5.97E-05,0.054804209,0.299434349,1342,12432,53487,8770,3345,4325,190,1303,7835,0,7.089603227,0,0,0,34
5.87E-05,0.055006978,0.303094328,1357,12511,54823,8955,3423,4447,190,1321,8017,0,8.127545127,0,0,0,22
5.73E-05,0.055227532,0.309311918,1377,12714,57388,9288,3673,4661,192,1405,8579,0,8.864483876,0,0,0,9
5.63E-05,0.055832079,0.313790501,1409,12870,59750,9545,3927,4788,185,1496,9116,0,9.387710388,0,0,0,13
5.50E-05,0.056105256,0.315447191,1449,13058,61968,9754,4140,4982,181,1595,9781,0,10.66871323,0,0,0,28
5.36E-05,0.055775093,0.318676087,1454,13194,63895,9610,4292,4752,176,1685,9828,0,7.768713227,0,0,0,20
5.30E-05,0.056092296,0.315599114,1470,13163,64430,9281,4369,4616,165,1714,9986,0,5.709713227,0,0,0,23
5.16E-05,0.056062578,0.319326627,1496,13272,66956,9231,4523,4665,165,1756,10582,0,4.247823227,0,0,0,29
4.92E-05,0.055809303,0.323303347,1524,13489,70964,9407,4795,4827,169,1854,11519,0,3.209881327,0,0,0,23
4.87E-05,0.055716772,0.324021882,1554,13486,71148,9084,4828,4730,162,1940,11843,0,2.472942578,0,0,0,16
4.97E-05,0.055632314,0.322142602,1511,13214,70152,8107,4477,4311,136,1796,11279,0,1.949716066,0,0,0,19
5.08E-05,0.055599684,0.322695465,1495,13069,68532,7845,4381,4159,131,1785,11081,0,0,0,0,0,44
5.36E-05,0.056245899,0.322369517,1458,12857,63832,7264,4004,3836,116,1696,10493,0,0,0,0,0,17
5.66E-05,0.0560468,0.31813918,1419,12589,58864,6836,3664,3352,107,1617,10031,0,0,0,0,0,26
5.78E-05,0.055723931,0.317403315,1408,12525,57352,6824,3587,3256,105,1607,9792,0,0,0,0,0,36
5.87E-05,0.055478751,0.317528713,1391,12451,55949,6693,3510,3145,104,1591,9663,0,0,0,0,0,14
6.15E-05,0.055036799,0.311099318,1357,12080,50375,6009,3151,2839,88,1461,8957,0,0,0,0,0,18
6.41E-05,0.054460767,0.305213452,1303,11693,45446,5421,2764,2551,79,1345,8260,0,0,0,0,0,10
6.71E-05,0.053145676,0.296370636,1256,11340,40529,4876,2438,2253,68,1209,7472,0,0,0,0,0,15
7.24E-05,0.052110729,0.286443231,1177,10731,35696,4373,2052,1964,60,1116,6727,0,0,0,0,0,18
7.57E-05,0.052082954,0.286169905,1112,10514,35183,4391,1881,1961,58,1059,6238,0,0,0,0,0,15
7.83E-05,0.052166765,0.288557656,1090,10428,35377,4920,1887,2158,64,1054,6169,10,0.668713227,0,0,0,27
8.41E-05,0.050911383,0.2809749,1018,9934,31754,4762,1628,2006,58,946,5341,0,3.568713227,0,0,0,25
8.80E-05,0.050841135,0.279273889,1007,9844,31280,5094,1581,2099,59,842,5073,0,5.627713227,0.668713227,0,0,23
8.99E-05,0.050931938,0.274834164,997,9823,31548,5503,1557,2243,68,824,4933,0,7.089603227,3.568713227,0,0,20
8.66E-05,0.051166009,0.270087948,987,10103,33063,5790,1588,2387,68,843,5155,0,8.127545127,5.627713227,0,0,21
8.27E-05,0.052781062,0.271556947,1053,10449,37163,6274,1827,2836,75,936,5796,0,8.864483876,10,0,0,19
7.90E-05,0.054139893,0.27946517,1107,10738,41194,6729,2048,3362,82,1004,6320,0,9.387710388,10,0,0,20
7.83E-05,0.054277906,0.280323365,1111,10791,41742,6706,2076,3440,84,1011,6393,0,10.66871323,10,0,0,25
7.76E-05,0.054345723,0.2825261,1114,10816,42308,6788,2102,3514,83,1043,6470,0,7.768713227,10.66871323,0,0,24
7.49E-05,0.055280669,0.287927832,1145,11117,47021,7478,2354,3800,89,1145,7084,0,5.709713227,7.768713227,0,0,18
7.09E-05,0.054931813,0.287743511,1224,11611,51496,8454,2647,4248,106,1246,7983,0,4.247823227,5.709713227,0,0,24
6.79E-05,0.054768504,0.288355863,1255,11854,55779,9063,2935,4698,119,1364,8735,0,3.209881327,10,0,0,40
6.42E-05,0.054157558,0.286118006,1298,12187,60228,9984,3199,5152,124,1463,9434,0,2.472942578,0,0,0,26
6.29E-05,0.054255403,0.281787187,1316,12214,60692,10240,3284,5266,128,1528,9577,0,1.949716066,0,0,0,27
6.42E-05,0.054923696,0.281042865,1308,12096,57837,9674,3108,5028,119,1511,9062,0,0,0,0,0,28
6.43E-05,0.054821192,0.27885874,1303,12072,57477,9674,3106,5110,119,1531,9031,0,0,0,0,0,26
6.30E-05,0.054583974,0.27796435,1341,12301,58107,10205,3115,5348,125,1617,9395,0,0,0,0,0,29
6.24E-05,0.054578141,0.275595744,1393,12539,58857,11034,3178,6336,132,1942,10094,0,0,0,0,0,11
6.23E-05,0.054665361,0.275792969,1410,12555,59278,11872,3246,6687,138,2001,10361,0,0,0,0,0,37
6.17E-05,0.054765078,0.276178243,1417,12629,60269,12347,3290,6873,144,2085,10640,0,0,0,0,0,24
6.11E-05,0.054975694,0.274454297,1435,12720,61054,12854,3278,6880,145,2145,10815,0,0,0,0,0,30
6.16E-05,0.054893987,0.276029498,1435,12709,60977,12851,3266,6910,144,2123,10862,0,0,0,0,0,17
6.16E-05,0.054908137,0.276900183,1436,12721,61244,12986,3264,6962,146,2095,10930,0,0,0,0,0,39
6.09E-05,0.05560573,0.277918859,1454,12921,62472,13308,3264,7281,158,2208,11268,0,0,0,0,0,19
6.14E-05,0.056479384,0.277377066,1437,12880,62925,13570,3300,7469,148,2345,11746,0,0,0,0,0,23
6.17E-05,0.056954096,0.277779071,1440,12904,63752,14125,3291,7680,142,2558,12157,0,0,0,0,0,33
6.21E-05,0.05712478,0.275741474,1435,12880,63984,14169,3299,7926,149,2690,12534,0,0,0,0,0,32
6.26E-05,0.057659567,0.274420504,1433,12906,64538,14364,3323,8299,142,2832,12769,0,0,0,0,0,22
6.24E-05,0.057735305,0.274533199,1437,12939,64635,14394,3334,8355,143,2784,12802,0,0,0,0,0,26
6.24E-05,0.057752323,0.274216986,1440,12940,64683,14394,3347,8492,143,2765,12948,0,0,0,0,0,24
6.22E-05,0.057844898,0.273666947,1446,13060,65526,14283,3348,8707,136,2853,13008,0,0,0,0,0,47
6.16E-05,0.057712832,0.274520597,1450,13244,65768,13872,3421,8130,128,2675,12519,0,0,0,0,0,49
6.14E-05,0.057497384,0.271981925,1445,13247,66365,13438,3516,8201,120,2795,12595,0,0,0,0,0,31
6.18E-05,0.056999258,0.274108093,1468,13264,66255,13647,3619,8307,116,2845,13008,0,0,0,0,0,41
6.17E-05,0.056974715,0.274792817,1467,13280,66918,13618,3726,8863,115,2944,13325,0,0,0,0,0,28
6.13E-05,0.057102727,0.274853236,1472,13280,67130,13659,3748,8981,115,2968,13527,0,0,0,0,0,34
6.11E-05,0.057175624,0.27382601,1474,13294,67572,13750,3831,9182,114,3171,13705,0,0,0,0,0,60
6.11E-05,0.057402249,0.273587642,1478,13341,67957,13830,4011,9199,103,3236,13926,0,0,0,0,0,30
6.06E-05,0.057882714,0.271651674,1495,13395,69036,13569,4075,9305,106,3194,13801,0,0,0,0,0,32
6.02E-05,0.058371819,0.271265608,1523,13444,69797,13335,4337,9304,108,3058,13943,0,0,0,0,0,44
5.97E-05,0.05851227,0.271142332,1544,13563,70843,13485,4567,9343,104,3096,14617,0,0,0,0,0,43
5.86E-05,0.057655005,0.271678889,1613,14006,71740,13433,4838,9522,103,3162,15237,0,0,0,0,0,31
5.83E-05,0.058035331,0.273515897,1627,14096,72185,13644,4910,9603,103,3228,15646,0,0,0,0,0,47
5.77E-05,0.058192712,0.273356464,1637,14174,72934,13719,5050,9590,105,3346,15998,0,0,0,0,0,29
5.59E-05,0.057742547,0.270651964,1707,14478,74238,13889,5302,9734,103,3465,16541,0,0,0,0,0,28
5.41E-05,0.057449465,0.270962035,1763,14732,76093,14309,5455,10041,101,3651,17446,0,0,0,0,0,37
5.26E-05,0.057743721,0.272135662,1825,15026,77927,15013,5868,10610,100,3957,19014,0,0,0,0,0,36
5.09E-05,0.058352032,0.271364171,1876,15159,80505,15489,6380,11130,104,4276,19939,0,0,0,0,0,32
5.09E-05,0.05846109,0.272191193,1877,15112,81530,16102,6731,11223,109,4499,21106,0,0,0,0,0,24
5.07E-05,0.058575777,0.271893258,1887,15146,82468,16773,7007,11504,111,4663,21683,0,0,0,0,0,24
5.07E-05,0.05869765,0.270166737,1896,15148,82472,16985,7001,11662,110,4565,21903,0,0,0,0,0,24
5.01E-05,0.059061269,0.270173623,1924,15201,84247,18223,7341,12471,113,4911,23414,0,0,0,0,0,14
5.00E-05,0.059757313,0.269684328,1942,15228,85616,19457,7714,13133,131,5234,25015,0,0,0,0,0,23
4.93E-05,0.060056258,0.268285654,1988,15324,87546,20385,7928,13832,128,5586,26787,0,0,0,0,0,31
4.90E-05,0.060060853,0.268028152,2029,15362,89109,21370,8192,14219,128,5828,27800,0,0,0,0,0,44
4.89E-05,0.059574804,0.267255062,2039,15345,90059,22189,8304,14360,133,6021,28850,0,0,0,0,0,60
4.86E-05,0.059720993,0.268269257,2043,15373,90759,22584,8378,14621,134,6118,29003,0,0,0,0,0,85
4.83E-05,0.059510697,0.268670713,2041,15343,91094,23164,8515,14972,132,6204,29158,0,0,0,0,0,96
4.89E-05,0.05903202,0.268617411,2044,15253,91383,23730,8765,15576,132,6468,29909,0,0,0,0,0,85
4.98E-05,0.059231961,0.268091259,2052,15135,91328,24187,8988,15626,148,6587,30543,0,0,0,0,0,111
5.07E-05,0.05905085,0.265570178,2043,15059,90834,24433,8797,15629,148,6532,30420,0,0,0,0,0,88
5.21E-05,0.058907733,0.263685065,2012,14967,90239,24881,8750,15855,143,6552,31090,0,0,0,0,0,112
5.23E-05,0.058313287,0.259728139,2023,14927,90490,25104,8683,16209,153,6589,31404,0,0,0,0,0,104
5.24E-05,0.058419387,0.260038612,2025,14905,90116,24882,8541,16096,152,6506,31250,0,0,0,0,0,136
5.23E-05,0.05832542,0.258813032,2020,14878,90294,25157,8633,16140,151,6530,31406,0,0,0,0,0,112
5.35E-05,0.058638806,0.25842066,2018,14679,89070,25167,8534,15807,144,6451,31514,0,0,0,0,1,91
5.40E-05,0.058948724,0.257712194,2024,14607,88219,24749,8693,15443,123,6459,31248,0,0,0,0,0,129
5.48E-05,0.058726602,0.256877781,2001,14469,86785,24783,8536,15190,134,6469,31002,0,0,0,0,1,108
5.51E-05,0.059176732,0.255402089,1994,14420,85769,24736,8425,15186,141,6371,31003,0,0,0,0,0,133
5.52E-05,0.058869075,0.253908768,1985,14420,85056,24798,8365,15107,147,6321,30859,0,0,0,0,0,122
5.58E-05,0.05890266,0.253998192,1984,14379,84152,24534,8337,15198,145,6238,30925,0,0,0,0,1,133
5.62E-05,0.058979998,0.254154503,1980,14364,83435,24113,8088,15042,145,6087,30853,0,0,0,0,1,90
5.70E-05,0.059044618,0.2530714,1976,14233,81951,24238,8206,14564,145,5901,31345,0,0,0,0,0,117
5.75E-05,0.05897462,0.25261765,1974,14174,81006,24195,8054,14503,130,5778,31480,0,0,0,0,0,118
5.81E-05,0.058564738,0.252147803,1946,14083,80095,24106,8057,14329,135,5686,31812,0,0,0,0,0,131
5.84E-05,0.058326982,0.252168413,1927,13950,79412,23659,7972,14087,134,5542,32011,0,0,0,0,1,100
5.97E-05,0.058003403,0.250022577,1905,13729,77981,23446,7808,13575,118,5485,31579,0,0,0,0,0,101
6.00E-05,0.05778606,0.250017735,1904,13755,77628,23430,7725,13503,118,5395,31459,0,0,0,0,0,114
5.98E-05,0.057257298,0.249690811,1891,13790,77716,23111,7813,13612,119,5340,31864,0,0,0,0,0,103
5.97E-05,0.057515468,0.249848521,1885,13721,77167,22629,8269,14058,121,5182,32067,0,0,0,0,0,112
5.90E-05,0.056975962,0.249373603,1884,13627,76343,22467,8343,14181,129,5120,31810,0,0,0,0,0,96
5.92E-05,0.056585914,0.250739064,1855,13570,75686,22129,8581,14015,129,4897,31042,0,0,0,0,2,116
5.96E-05,0.056501843,0.25065269,1855,13548,73868,21444,8503,13456,125,4730,29948,0,0,0,0,0,89
6.33E-05,0.057060046,0.253433536,1799,13212,67773,19859,7892,12412,108,4244,27660,0,0,0,0,0,136
6.35E-05,0.057089922,0.254453525,1785,13207,67189,19528,7758,11853,108,4172,27278,0,0,0,0,0,100
6.36E-05,0.057002802,0.253511043,1771,13191,66825,19421,7727,11458,107,4112,26904,0,0,0,0,1,100
6.35E-05,0.057141746,0.253227676,1781,13198,66374,18883,7366,11029,108,3961,25462,0,0,0,0,0,82
6.41E-05,0.056900543,0.258402608,1787,13187,65199,17885,7142,10498,107,3744,23604,0,0,0,0,0,76
6.49E-05,0.057036169,0.261751605,1766,13038,63948,16894,6891,9915,104,3538,21671,0,0,0,0,0,85
6.62E-05,0.056870757,0.265032054,1755,12908,62725,16220,6577,9230,110,3290,19406,0,0,0,0,0,81
6.69E-05,0.056558289,0.269207387,1728,12811,62094,15604,6522,8879,117,3017,18133,0,0,0,0,0,84
6.72E-05,0.056378784,0.2690681,1723,12803,61794,15207,6467,8635,115,3015,17653,0,0,0,0,0,93
6.74E-05,0.056204809,0.269969742,1718,12791,61140,14942,6258,8126,117,2960,16724,0,0,0,0,0,96
6.81E-05,0.05612217,0.269524408,1710,12730,60736,14146,5554,7166,120,2838,14792,0,0,0,0,0,79
7.05E-05,0.056015113,0.270764649,1673,12588,60142,13482,5101,6475,109,2537,13347,0,0,0,0,2,81
7.27E-05,0.055844577,0.270876121,1654,12389,59534,12963,4747,6046,97,2351,12114,0,0,0,0,1,89
7.30E-05,0.055640854,0.271212322,1601,12271,60069,12519,4542,6044,95,2255,11148,0,0,0,0,1,67
7.04E-05,0.05515162,0.271108321,1634,12441,64650,13189,4982,6819,102,2403,11787,0,0,0,0,0,65
6.98E-05,0.055259846,0.271929655,1646,12505,65125,13243,5043,6943,102,2404,11531,0,0,0,0,0,78
6.91E-05,0.055359602,0.271431989,1660,12580,65462,13218,5087,6996,102,2424,11434,0,0,0,0,0,89
6.88E-05,0.055332204,0.272196466,1679,12567,64913,13060,4903,6899,100,2328,10944,0,0,0,0,1,66
