,Sliding window,shenzhen,futian,baoan,pingshan,guangming,longhua,luohu,nanshan,yantian,longgang
0,2020-02-18,6.927031815886651e-05,0.0005841444438188068,0.0004923040309469782,0.0008033469833253895,0.0005293939829438604,0.0015416106497643052,0.0007964693729851711,0.0007201971648192959,0.00243677119919372,0.0002673665209896346
1,2020-02-19,6.781758295764084e-05,0.0005925633607636022,0.00046688383772841764,0.00077765339594118,0.0005011159311175407,0.0015371521825476631,0.000791518612096054,0.0007087964283689798,0.002475544477367395,0.0002674417638262629
2,2020-02-20,6.595797319644557e-05,0.0005604106651222858,0.00045004731136642805,0.0007511829740641497,0.0004896016059657113,0.0014908048753100342,0.000778334118918065,0.0006870822576323461,0.0024677228712891523,0.0002645679276357367
3,2020-02-21,6.43596309186699e-05,0.0005410806840996867,0.00042990899412888924,0.0007333192734653342,0.0004800918794442117,0.0014411309710762753,0.0007660216876858228,0.0006695392731826215,0.0024541297228802984,0.00026165108467028094
4,2020-02-22,6.336107442752494e-05,0.0005360267751638115,0.00040957838889557944,0.0007032034934316845,0.00047599246027192274,0.0014060887786684225,0.0007713699524134698,0.0006623386783308571,0.002465504072299866,0.00026285992099466036
5,2020-02-23,6.320223005353468e-05,0.0005367007850582958,0.0004012405005727933,0.0006927600929288878,0.00047113249970225557,0.0013930149530943716,0.0007793156722981205,0.0006698306747457942,0.0024684671986969393,0.0002645475954188061
6,2020-02-24,6.36699716374031e-05,0.0005385775875693375,0.00039190608829027914,0.0006918074092475163,0.0004875041384255381,0.0013937378120210616,0.0007733033012163113,0.0007001138868513009,0.0024584446048779374,0.0002682488525887991
7,2020-02-25,6.363990927036384e-05,0.0005390547875305943,0.00038469484698382085,0.0007013497505188491,0.00048186417154755056,0.0014085613714627705,0.0007879897953627032,0.0006962195557836112,0.0025652169860120783,0.0002697005780029298
8,2020-02-26,6.191509062714603e-05,0.0004766038875420525,0.0003843581914159041,0.0007077977331082725,0.00047196670479357256,0.0013975269334308101,0.0007908149372031384,0.000698597432762875,0.0025084372285012323,0.0002661805287394327
9,2020-02-27,6.13560510752475e-05,0.00042772272389963436,0.000389412327702942,0.0007183591201136066,0.0004648199436224732,0.0014184426761197644,0.0008440148356424823,0.0006900523510876586,0.0024873278755960663,0.00026838855247501424
10,2020-02-28,6.102718933935066e-05,0.00041368516093170314,0.00039442544751376384,0.0007277629109781997,0.000469847238043476,0.0014897479452768655,0.0008018829913865427,0.0007007123889403283,0.0024518213157166623,0.0002694503236505997
11,2020-02-29,6.251715105088123e-05,0.00040684853936628706,0.0004168133100172493,0.0007563510143731225,0.00048277462018789534,0.0016606822400803234,0.000854432323915502,0.0007331237109294323,0.002479467466433847,0.00027167327948128534
12,2020-03-01,6.465719093400277e-05,0.0004046863331609035,0.00042586792860702105,0.0007860865200292343,0.0004987498265666206,0.0017287389820153083,0.0008796031712293441,0.0007670297337600396,0.002736548175699913,0.00028818076361292606
13,2020-03-02,6.551454363663256e-05,0.0003897900765182894,0.00043052186977622696,0.0007930459133191651,0.0005054530369139755,0.001828504693853051,0.0009113016281426014,0.0008018086442158845,0.0027633162782831487,0.00029691679381073507
14,2020-03-03,6.630962288023181e-05,0.00037999564890180696,0.00043690858458635985,0.0008222901148808341,0.0005158103395505194,0.001986008399893287,0.0009361088153948593,0.0008049804550431224,0.0027929765185013286,0.00030126578493819305
15,2020-03-04,6.731896873608024e-05,0.00036514282771367385,0.0004483711678531968,0.0008347264930145738,0.0005363647821355649,0.0020115534200234536,0.0009801736470116255,0.0008355729145229227,0.002899137113811809,0.000304837950982134
16,2020-03-05,6.909550269354252e-05,0.00036427291934146646,0.0004614268708386699,0.0008653866773360884,0.0005522730202645884,0.002163077860888822,0.001027664214809765,0.0008715870434313313,0.0030627349969259586,0.00031159622412202923
17,2020-03-06,6.965019278165866e-05,0.00034807450028574987,0.000467306009911734,0.0008843031911003854,0.000563117816178566,0.002215152329383906,0.0010522990881834235,0.0008993383543727656,0.0030405987411349362,0.00032064938352512084
18,2020-03-07,6.963957183692323e-05,0.00031494193040018735,0.00048646160175503126,0.0009331431902287013,0.0005719763971234358,0.0024182988459304873,0.0010661470362951513,0.0008956501554034986,0.0031408982424185176,0.00032653417823905645
19,2020-03-08,6.994035328467732e-05,0.00030017351561310157,0.0004988074344164558,0.0009614736461959106,0.0005779754457111816,0.002526553548165551,0.0010851677947461814,0.000916936819774187,0.003189691003582587,0.00033277421910943126
20,2020-03-09,6.979229511087181e-05,0.0002857976398494731,0.0005094288985709312,0.0009742615898759223,0.0005805585431559653,0.0026847592794886797,0.001103894227876537,0.0009296183756346829,0.0031783717668005837,0.00033550045853803997
21,2020-03-10,6.941083693214493e-05,0.0002622092021110362,0.0005190335455758471,0.0009986826656705596,0.0006048864703641076,0.002691834852220282,0.001126168508877715,0.0009538656161653053,0.003174518110848166,0.0003430086925072458
22,2020-03-11,7.08628990839097e-05,0.00025490655607947994,0.0005211522428841976,0.001032235930149051,0.0006330032396743454,0.0028094569641864938,0.0011950923907906896,0.0009707058435265802,0.0033280045920504567,0.0003581833186281086
23,2020-03-12,7.17666319817123e-05,0.0002514337702745468,0.0005311117340491948,0.0010697876588946172,0.0006599231173930265,0.002818244355481092,0.00124808356922355,0.0009976073747472352,0.003218643747281968,0.0003676129004003901
24,2020-03-13,7.33160113534621e-05,0.00024665400237856074,0.0005505669121104441,0.0010980937844211644,0.0006941059377096846,0.002826831944704212,0.001289721531717954,0.001088567907467908,0.0031585875083114624,0.00038113918454862455
25,2020-03-14,7.546117231833388e-05,0.0002460056583282126,0.0005657662920959532,0.0011961961493614716,0.0007112320799246836,0.002935276703704952,0.0013550529178482276,0.0011366986336070841,0.0031743697957428434,0.00039842378329291546
26,2020-03-15,7.719044709075108e-05,0.00024787586193698646,0.0005825937300169097,0.001224087118254133,0.0007216419826179259,0.003192756103595301,0.0013938745410999886,0.0011866888117446426,0.0031491460786293815,0.00041194797259366464
27,2020-03-16,7.813622886502667e-05,0.0002466051801020572,0.0005965681502961876,0.0012735107905255537,0.000751439877426431,0.0032519757596999937,0.0014388755376713363,0.0012031419348876922,0.003129074601588795,0.00041549235107614504
28,2020-03-17,7.937433635506957e-05,0.00024535093535357793,0.0006118187018853782,0.0013174329647038124,0.0007645330297484282,0.003262942521530575,0.0014831472166945922,0.0012632841404344479,0.003147655022334214,0.0004275183949147559
29,2020-03-18,8.065148903969962e-05,0.0002459619491426319,0.0006306531454041801,0.0013522689323854403,0.0007798607853035707,0.0034437285486388436,0.0015226350764216438,0.0012692852861945101,0.003193461402883869,0.00043598868627712844
30,2020-03-19,8.099686117885088e-05,0.0002421650798302233,0.000640753877686147,0.0013768902672222619,0.0007996006841850911,0.0035254574565400814,0.0015568431345931572,0.0013284727094894982,0.0031511941883284305,0.00043687382838128284
31,2020-03-20,8.251623559493464e-05,0.00023984731190682086,0.0006700943683133962,0.0014002520021551238,0.0008203762293555117,0.003735138130224829,0.0016290442893350542,0.0013718351606091122,0.0031893785642045204,0.00045078022299511604
32,2020-03-21,8.431559200478562e-05,0.00024226128242244783,0.0006939456115277016,0.0013720180181985486,0.000851013496125929,0.00391410927868269,0.0016355386189879223,0.0014739444992098775,0.0032128641767710025,0.0004653979158265926
33,2020-03-22,8.581891176259241e-05,0.000244578250157146,0.0007083291816734086,0.001379243689238235,0.0008721217737934217,0.0041299416933241705,0.0016604897651824274,0.0015161857705890775,0.003176924767250937,0.0004788119334711485
34,2020-03-23,8.709348728462667e-05,0.0002473249317788566,0.0007145544488542069,0.0014091147661094764,0.0008791246138075949,0.004244246101846363,0.0016980524016709231,0.0015155863523170084,0.003166448631215617,0.0004931470536185745
35,2020-03-24,8.941843782574849e-05,0.00025377888173434653,0.0007315315194279054,0.0014492252799728337,0.0008968270626050783,0.004453958503511102,0.0017305409181529116,0.0015624429514509198,0.0032628956540340388,0.0005074351554770712
36,2020-03-25,9.059677204476174e-05,0.00025396601327250555,0.0007640383946200363,0.0014288142817615774,0.0009150288900484859,0.004463467524976751,0.0017585684014238372,0.0016462250979137104,0.0032586469964412455,0.0005143155499613359
37,2020-03-26,9.141895069373223e-05,0.00025414520243145045,0.0007784250616740874,0.0014050208173445558,0.0009089414670189925,0.004482271139528519,0.0017971202982921348,0.0016253053131936672,0.0035073020120713963,0.0005233530369412406
38,2020-03-27,9.230051929860177e-05,0.00025669036174292653,0.0007941214282481737,0.0014346910684031045,0.0008850948291048554,0.004471129114525453,0.0018408806620520766,0.001632912160573087,0.0034801089766092765,0.0005321721483992258
39,2020-03-28,9.331593455733496e-05,0.0002590364874837065,0.000790145039894794,0.0014491224232449033,0.000903843007565786,0.004648433461336035,0.0018184540650106552,0.001674699522297038,0.003510607361860269,0.0005439946887072954
40,2020-03-29,9.494450418415137e-05,0.00026479872195637316,0.0007963245908209863,0.001465213521949234,0.0009054118285744058,0.004836042592408525,0.0018189924422610199,0.0016907526996539951,0.0035281401509474125,0.0005560355999702562
41,2020-03-30,9.611890366440474e-05,0.00026889428165730646,0.0007888286100276715,0.0014974960935034973,0.0009038683149014188,0.004726866976181591,0.0018365300441690678,0.0016990601066414629,0.003636973800627497,0.0005678002143994645
42,2020-03-31,9.741109065674915e-05,0.0002725388332743129,0.0008100117089713024,0.0015009915046915502,0.0009298711823661697,0.004782204052484695,0.0017740771648190083,0.001695998156964745,0.0037267135941131263,0.0005725195824054493
43,2020-04-01,9.851625967639077e-05,0.0002744924960635985,0.0008193663507789906,0.0015165417802377678,0.0009534178625511514,0.004875159904751231,0.0017773336781414023,0.0017398950662085553,0.0037978622969264426,0.0005781174367567319
44,2020-04-02,9.916005393921229e-05,0.00027805570304303794,0.0008175281797942979,0.0015168655288724663,0.0009404282154685367,0.005009418139946731,0.001807698206437111,0.001708883658396808,0.0038636312679954403,0.000589048626976667
45,2020-04-03,0.00010056103333221809,0.00028259611419963583,0.0008445018814570561,0.0015454980147970756,0.0009406073875008047,0.005361236016560784,0.001810620584220919,0.0017044516834736404,0.004016346395856297,0.0005903302598343975
46,2020-04-04,0.00010176901669800879,0.00028920713672287964,0.0008382969219329096,0.0015597962583571228,0.000958521199506962,0.005394668867330182,0.00187928132948846,0.0016678744515700088,0.004090661162790215,0.0005910232703401906
47,2020-04-05,0.00010263548710131922,0.00029264401794349456,0.0008384795027284347,0.0015840312074473057,0.0009469883282546798,0.005398316751377769,0.0018631990985994416,0.0016947500486686746,0.0042418007020979245,0.000592634989333765
48,2020-04-06,0.00010283471001782882,0.0002944567894553797,0.0008281362629094219,0.0015692539034927555,0.0009543012547858527,0.005168451160299669,0.001857340209735536,0.0016857617877745713,0.004390755919567759,0.0005911572524013858
49,2020-04-07,0.00010193926104360344,0.0002911393049395643,0.0008220548398522537,0.001513880384811724,0.0009409566431496409,0.0052306637866459445,0.0018578362499915792,0.0017222517575740633,0.0043359218416692685,0.000588257609617864
50,2020-04-08,0.00010332846832187698,0.00029775824812068623,0.0008286293011318369,0.0014932110316504853,0.0009611300881472716,0.0052543359668294565,0.001874600947221608,0.0018022553585592997,0.0043756398870891415,0.0005877090004733523
51,2020-04-09,0.00010489914898173507,0.0003051356250817112,0.0008323968263755093,0.0015213732293582107,0.0009747573565715413,0.005204673356592627,0.0018325029961802903,0.0018473119807089382,0.004374320034545023,0.0005960282719119091
52,2020-04-10,0.00010599119431487967,0.00031184728316661827,0.0008731647118755138,0.0013965463155732015,0.000988774327235134,0.005078924332254129,0.0018284591608259209,0.0018956016307303813,0.00441532733962718,0.0005928358805065154
53,2020-04-11,0.00010757421881984841,0.0003178603717295933,0.0009040827806623003,0.0013439832739098984,0.0010149078150075677,0.004869439089714231,0.0018360366651303407,0.0019268373137115464,0.004313702692591467,0.000608951327618601
54,2020-04-12,0.00010881668811834376,0.0003204113316673091,0.0009066885738889128,0.001308426546612817,0.0010369940315426314,0.005059764657664937,0.001847441370665635,0.001950898641488019,0.004543896603605512,0.0006227389094169498
55,2020-04-13,0.00010755403849742055,0.00031510896310340647,0.0008837841080960755,0.0012593727444233278,0.001045235554069052,0.005241818237662218,0.0018253026219697671,0.001959329124850802,0.004558510629743934,0.0006188849393322611
56,2020-04-14,0.00010879386542117778,0.00031844160340954914,0.0008966390866219171,0.0012865752166933908,0.001067894503284348,0.0052940397037386285,0.0018683274271839938,0.0019702313461089976,0.004557431977298631,0.000625889539228113
57,2020-04-15,0.00010882091580364618,0.00031892322122318873,0.0008974412709691277,0.0012938708164278749,0.0010919004885923214,0.005138005155633277,0.0017923401070636146,0.0019419070377154578,0.004410614704198653,0.0006266178188283491
58,2020-04-16,0.00011067660813940717,0.00032505446910020846,0.0008741147609437309,0.0013139783332617627,0.0011604668561533572,0.0050844185255090315,0.0017621242677911745,0.0019898450074296793,0.004296324262889323,0.0006431714955480568
59,2020-04-17,0.0001125694626683832,0.00033224195374974877,0.0008872969946476121,0.0013096142606865897,0.0011879320776719807,0.005339358426519538,0.0018235237859967445,0.0019613044611485487,0.0042029341840187084,0.000660984156752277
60,2020-04-18,0.0001177550412038746,0.00034618580262877046,0.0009126234184875679,0.0014040202527093356,0.00124866676802447,0.00608919908527126,0.0018569947457627094,0.0021062023265475773,0.004315608920716279,0.0006819154517122895
61,2020-04-19,0.00011989993042435541,0.00035339308228293353,0.0009208412812042736,0.0014385865613553022,0.0012738357766321744,0.006466143321159104,0.001898132759839884,0.002089178908080133,0.004109428199792206,0.0006948660984063746
62,2020-04-20,0.00012276006254092982,0.00036101560354863984,0.0009387724642801889,0.0014904101870884341,0.0012983064211045797,0.006556084651359886,0.0019058713497171005,0.0021603526891527764,0.004034644220362439,0.0007157216293866032
63,2020-04-21,0.00012645434547137253,0.00037246827925397643,0.0009585089122946962,0.0015405344943215113,0.0013681583578073085,0.006581817139372656,0.0019397017700094985,0.002251512874103707,0.003970908876065118,0.0007310440357938197
64,2020-04-22,0.00012994775553000295,0.0003812701832852133,0.000991942228141355,0.0016222162542782826,0.001430047027592001,0.006678229337841381,0.0019120557459541907,0.002277993106670817,0.003961327093426641,0.0007584310971221413
65,2020-04-23,0.00013208785221225242,0.0003854408811403314,0.001014442142154071,0.001670282408380788,0.0014557116220620743,0.006696850022180553,0.0019499870439374796,0.0023192331652691846,0.003999763742451934,0.0007742712536408444
66,2020-04-24,0.0001342453701129524,0.00039026752131103863,0.0009849706605404719,0.0017620059152256555,0.0014777166389379674,0.006911933161751117,0.001962601180475776,0.0023497796325380235,0.00389902617865646,0.0008055725480736606
67,2020-04-25,0.00013647121474077246,0.00039621152154190574,0.0009628969125457034,0.001960127023872314,0.001478847891841263,0.007246847324748498,0.0019570181916494984,0.0025179798823974746,0.00416536823439769,0.0008037843571695732
68,2020-04-26,0.00013549314015232273,0.0003951340156370832,0.0009438308916035514,0.0019206595193012284,0.0014659766360855004,0.007301377599296143,0.0019118774662820462,0.002472502412731073,0.004069860586555362,0.0008091439995901402
69,2020-04-27,0.00013909998959260852,0.0004050671238269027,0.0010048345686090466,0.0019854282537670595,0.0014530397094678854,0.007561558247800905,0.0019474916052347295,0.0025804015353786567,0.004084650145926161,0.000827024635653016
70,2020-04-28,0.00014134921973457765,0.0004065356163582093,0.0010140823775203309,0.0020104609499414644,0.001480956890280219,0.007530342244283916,0.0019207448183673937,0.0027959280414595164,0.004028089775032037,0.0008550088531656043
71,2020-04-29,0.00014565892252851656,0.0004143850877097755,0.0010259937153656365,0.002040457325930312,0.001496303830169111,0.007786104951783101,0.0020100284759893942,0.0029612191986092898,0.004059946598171189,0.0009197890501144604
72,2020-04-30,0.00015011738805285386,0.00042365425609776466,0.0010900980028654289,0.0021028833748516123,0.0015270608570230211,0.008227819505122571,0.002108286246768132,0.0029191385218612273,0.004158620322222682,0.0009407988139235252
73,2020-05-01,0.00015371366625331718,0.00044287076968751033,0.001064000240799496,0.001977593312472525,0.0015875849557635022,0.008737604152554456,0.002117138010556558,0.0031188904986471774,0.004275036617656387,0.000962708085925485
74,2020-05-02,0.00015056012583334835,0.0004332209662636045,0.0010549941439297612,0.0018336760238218083,0.0015745733147781774,0.008597325754824043,0.0021116408662045765,0.003073697489734939,0.004072668965766923,0.0009494312998891974
75,2020-05-03,0.00015168574046949893,0.0004339857173916267,0.0010710190056126229,0.0018183382075065515,0.001587806386572346,0.008416573429199594,0.002099851899145882,0.003163261929871093,0.0042270029485897455,0.0009617028452398253
76,2020-05-04,0.0001511182499592464,0.0004301715569512758,0.0010739657384497311,0.0017826921258547745,0.001617689260375092,0.008330816531017374,0.0021102257966107026,0.003038520906257422,0.0041985198984468034,0.0009608535732469405
77,2020-05-05,0.0001474750303346658,0.00042256387285758595,0.001040300310947937,0.0016998376437738878,0.0014773645525101675,0.008137610557674603,0.0020565275920118855,0.0031063710827877733,0.004172094293047362,0.0009548720338127091
78,2020-05-06,0.00014240173924020674,0.00040599368734660433,0.0010199549976779576,0.0015451673153150168,0.0014159718443123436,0.008290564338975646,0.0020686531157119584,0.0027217058462822245,0.004185923070743487,0.000950198513534747
79,2020-05-07,0.00014288118285022878,0.0004129250636809632,0.0010465663048304559,0.0013147037014402997,0.001434352202350512,0.008587274219344701,0.002116764692916215,0.0026715028454985996,0.004138393679703953,0.0009785999662737914
80,2020-05-08,0.00014345669450030235,0.0004169699875594407,0.0010627504214953452,0.00121674239496783,0.001468520450560041,0.009008095964895026,0.0021012279596199883,0.0026660088177972528,0.004282568179500871,0.0009964146571734202
81,2020-05-09,0.0001453611246899277,0.00041865795523600885,0.0010972038077793937,0.001148970345411333,0.0014642719718717962,0.010748710506075768,0.002121526930622273,0.002760512320202378,0.004208483913097844,0.0010617613327799855
82,2020-05-10,0.0001495761119640424,0.00042495459780952113,0.0011601190209002674,0.0011603265816921681,0.001509929451158312,0.012784326406791962,0.0021597162507494003,0.002932445719605543,0.0043534502040084334,0.0011022723187131935
83,2020-05-11,0.00015239806073360363,0.00042488428812474877,0.0011981741163509519,0.0012104215237775428,0.0015584638835905963,0.012793680429262308,0.0021534566690489328,0.0030177940602863582,0.004471727560268989,0.0011454312921453393
84,2020-05-12,0.00014876744531473982,0.0004280426034055258,0.0011796537669920312,0.0011935946968536727,0.0016148350153456388,0.013239575025120237,0.0021737714083078425,0.0016963300206995853,0.004522141265287644,0.0011916902501694694
85,2020-05-13,0.00014482800691847299,0.00042797948791737495,0.0012113605511873049,0.0011277797096482518,0.001597097744376378,0.013263010665546865,0.002218754810410032,0.0012856997561091555,0.004470748903115505,0.0012216621104942928
86,2020-05-14,0.00014436150050632543,0.0004331051283296314,0.0012798161185033517,0.001116174293478265,0.0015442694623819498,0.014379272494362993,0.0022302617823090815,0.001135591149753787,0.004588602330953325,0.0012815702176766871
87,2020-05-15,0.00014718879365547028,0.00043562471763790756,0.0013914720210883125,0.0011501189347168546,0.0016026909064401486,0.015334881878658318,0.0022924909285843707,0.001115646251341042,0.0045583290522976695,0.0013116324674225484
88,2020-05-16,0.00014802709612371477,0.00043961163280885286,0.0013967396243225322,0.0011381290448160986,0.0015961432800332615,0.015684259948032103,0.0023138141844603714,0.0010939377922849134,0.0047362663476530195,0.0013905578914294693
89,2020-05-17,0.0001484670538438732,0.0004396152935218431,0.0014120938717565102,0.0011346376444257755,0.0016013755262444106,0.01562944086366403,0.0023577670229324122,0.0010872544818269691,0.004808874572329668,0.0014258468923028366
90,2020-05-18,0.00014851328689091683,0.00044040313848116275,0.0014224330347933378,0.0011198832048245528,0.0015917738528679495,0.015705993066375944,0.0023802314493968526,0.0010761592094524581,0.004842340739713345,0.0014648238722425088
91,2020-05-19,0.00014994585009850392,0.00043675555544679537,0.0015407180072987037,0.0011105812950978702,0.0017381451059889591,0.016257100434461873,0.002438121376108454,0.001028346285590232,0.004972955889662107,0.0015126609866451337
92,2020-05-20,0.0001502054569424716,0.0004387337024014566,0.0015386905123657183,0.0010841462268702824,0.001755046933071577,0.016892443979478967,0.002491721007826171,0.0010390093564904077,0.004929115823910658,0.0015369471315218454
93,2020-05-21,0.00015167887111771006,0.000441683394760484,0.0015730501846671937,0.0011102919306174026,0.0017811885336434749,0.01701362133539246,0.0025040362090619165,0.0010455641585256062,0.004962705906915484,0.0015639968296548685
94,2020-05-22,0.0001535204250253759,0.00044762919995422224,0.0016311525812261966,0.0011247005222218304,0.0017775669639555124,0.01678555543127509,0.0023968433686118095,0.0010625527884366827,0.005151882328926871,0.001619520808085648
95,2020-05-23,0.00015521503941724895,0.0004484666028677734,0.0017171113025200746,0.001151368778401205,0.0018723472776338422,0.016823463883651253,0.002477480906987781,0.0010568542629502359,0.005179151478148052,0.001576342785089
96,2020-05-24,0.00015554461782687866,0.00045056182109852195,0.0017127690277944825,0.0011488552469608002,0.0018720089482858562,0.017033266760532736,0.0024948215023993373,0.001062735491230206,0.005077938316195771,0.001580306454962425
97,2020-05-25,0.000155790033510323,0.0004513173018667372,0.001729903810130587,0.0011540810986833878,0.001902478279003745,0.01695612233403505,0.002501577597373645,0.0010549938352406518,0.0048376651403703105,0.00159301890001848
98,2020-05-26,0.00016171985633622272,0.0004618309400065952,0.0017996440219646367,0.0011794761298259003,0.001925427577046018,0.0173091568440712,0.0026437758459317397,0.0011496124213467146,0.004989269456051468,0.0016702022741759692
99,2020-05-27,0.00016570430188857083,0.00045604245765881876,0.0017937802446276662,0.0012455342108597409,0.001972729842395184,0.017170062879146547,0.002659765726398523,0.0012863146258409088,0.005035799849764615,0.0017210428318059912
100,2020-05-28,0.00017256608458238477,0.00046325278764859553,0.001868914047039311,0.001274168717171858,0.0021950521268723966,0.01711334422507167,0.0027377373275846583,0.0014757904240716864,0.005064029429435477,0.001736902220465704
101,2020-05-29,0.000175940583919495,0.0004696061959025816,0.0018975758860684225,0.0012808348385727143,0.002238049149621112,0.016567474188125805,0.0027985279833239738,0.0015575105016718408,0.005176364769353694,0.001782490278848809
102,2020-05-30,0.00018101329134851592,0.00047224569499089707,0.0020287222366019504,0.0013147655612030303,0.002416007123963502,0.01636839232976576,0.0028510211529633963,0.0016677304688732617,0.00528946927578965,0.001803367354067303
103,2020-05-31,0.00018202968008123463,0.000469847448282974,0.0020541331881811773,0.0013269170157810138,0.0024361955356048967,0.01755746167748907,0.0029287267582988274,0.0016996259397006402,0.005228908291112612,0.0018187014308945443
104,2020-06-01,0.00018343016778708135,0.000471477802128229,0.0020533311539677203,0.0013545046284653436,0.0024590586058122715,0.017745357726909203,0.002953324788799342,0.0016913114927262698,0.0049924785822380744,0.0018904170453726715
105,2020-06-02,0.0001855122743620451,0.0004771206433284278,0.0020465918366229107,0.0013549891908821669,0.0024334498509049297,0.018088363451746286,0.0029694184525912116,0.0017396223606077862,0.005023489913347537,0.001965292997633723
106,2020-06-03,0.00019036824776094875,0.00048447598635835014,0.0021526020422136297,0.0013705267055366338,0.0025098994090317754,0.017569261149228698,0.0030486457738956962,0.0017605735719633316,0.005259339679947951,0.002121750681804048
107,2020-06-04,0.00019076491300064045,0.00048769162689064243,0.0020723811809094366,0.0013935433101129513,0.0025168195685408394,0.01862317413358358,0.0030997266062938026,0.0017756738682832714,0.004759776854262831,0.002137266199243305
108,2020-06-05,0.00019414800892577405,0.0004891286182611555,0.002219581660732026,0.0014074145601989472,0.0026806395535727444,0.017355689339565415,0.003236533588767833,0.001760568103686262,0.0050192940578192785,0.002162786678961819
109,2020-06-06,0.00019327690971694168,0.0004922506707341924,0.0022591213706741574,0.0014410814139389893,0.0025616866878079457,0.016837044851082617,0.0031362877950241656,0.0016512311684619902,0.0052500633966088206,0.002132499465253799
110,2020-06-07,0.0001932363271944921,0.0004932203274723259,0.0022969550945689124,0.001468830259899819,0.002543727053337791,0.01697383902626994,0.0030333616621250076,0.0015760056318246452,0.005410541917101411,0.00216549937823006
111,2020-06-08,0.00019495193577646598,0.0004955252657356436,0.0022897829934715006,0.0014677254523717998,0.0025356752491098185,0.017070941436079342,0.003055917019206346,0.0016020901395449791,0.005664443920173321,0.002251889614974598
112,2020-06-09,0.00019526878596809157,0.0004968801324759176,0.0023349642135761005,0.0014398245192994456,0.00274374959759901,0.017552499526806077,0.0030094549431763447,0.001577905279325163,0.005257102916638282,0.002254725863634993
113,2020-06-10,0.00019465472823603348,0.0005082501363502331,0.0023826798299534727,0.0014598268062891925,0.002801238407831076,0.01759354028264846,0.003019622456351984,0.0015657664658477624,0.005262956601068435,0.0018974234957802787
114,2020-06-11,0.00019270987485088092,0.000517781495033165,0.002331164497811655,0.001466957984429503,0.0027432770475374064,0.016927393190552767,0.003079277213741896,0.001505049009782585,0.005208526073087814,0.0016910279758971488
115,2020-06-12,0.00020127690293460362,0.0005364233443282503,0.0024466266593847494,0.0016035609587282866,0.002820326214587257,0.01779654553306169,0.003203590194066162,0.0015745739913909625,0.005286714188138381,0.0017357508977420097
116,2020-06-13,0.00020641460359845684,0.0005539482935060818,0.0024979707842952286,0.001657342458246424,0.0028235802493275603,0.016203951741030988,0.0033262968197758486,0.001604042515575579,0.005363572317318767,0.0017885798178630691
117,2020-06-14,0.00020669921943493801,0.0005591291489657963,0.002520317129976187,0.0016697056533800767,0.002850519717847977,0.01599251088985236,0.0033433360110185334,0.0015816029380249597,0.005205166588787071,0.0017669252653444512
118,2020-06-15,0.0002034328188447509,0.0005568821089375692,0.0024569546481992464,0.0016449288390795699,0.002881201055875921,0.0158134526253009,0.0033530115719665014,0.0015568812356212965,0.005297329122152993,0.001616443879207284
119,2020-06-16,0.00020043386109465687,0.0005616693867990994,0.002512998021775483,0.0016285663357588456,0.0031224519719438176,0.015407646833381501,0.003450296975723929,0.0015422254827440942,0.005333983605429212,0.0013509071567496195
120,2020-06-17,0.00019936256243433624,0.0005712300264446862,0.0025108027543099204,0.0016662393889715517,0.003321395458023056,0.01672267459195261,0.0033087471339448386,0.0015777900224842759,0.005145453168694968,0.0012108276803033586
121,2020-06-18,0.0002020322992606745,0.0005806016124789184,0.002656301142153648,0.0017040822628363035,0.0037017371499894302,0.016295958603074,0.0033759913779134875,0.0015955869738816728,0.0059080681819945295,0.0011393797035355992
122,2020-06-19,0.00020031196789099283,0.0005942610678107976,0.002577223894390395,0.001752055356192376,0.003424934605925559,0.016431929958368494,0.003387331596364491,0.0016090316868220946,0.005849139340251921,0.0010508815944877245
123,2020-06-20,0.00020258788434377473,0.0006095368303538337,0.00269422374737562,0.0017626734947822898,0.0044744142416164616,0.01585414347959822,0.0035515159608143915,0.0017122748266657714,0.005825167382870543,0.0009267549409163194
124,2020-06-21,0.00020340958143090602,0.0006152617011905382,0.002684569513583403,0.0017776991200759023,0.004609411957406333,0.014344039689015015,0.0036722033015834446,0.0017984636314108732,0.0056989693601501865,0.0008945446187558679
125,2020-06-22,0.00020216830063058108,0.0006145964304120763,0.0027142940579442023,0.0017876851517267458,0.004699869552640914,0.014929832959642989,0.0036496345320503223,0.0018074376380299787,0.005559044598744638,0.0008631424152591042
126,2020-06-23,0.00019603820093013375,0.0006222024682016624,0.002780449189561193,0.0018497001247799528,0.004298825431425405,0.014819754205724914,0.0037497729677678977,0.0017611392670252473,0.005632183396229429,0.0007478446099384164
127,2020-06-24,0.00019848546273367932,0.0006308878050034224,0.0028875362135572786,0.0018697114419058479,0.004481382337433583,0.01391827535545035,0.0039199002395748335,0.00178580357477772,0.005686307524409883,0.0007492780828773297
128,2020-06-25,0.0001977890253160434,0.0006262473242030697,0.003039824710725472,0.0019447320975992627,0.004626813974492689,0.014069924899546277,0.003934319253422002,0.001700876075946355,0.005609885941572098,0.0007417830602978348
129,2020-06-26,0.0001902023669647739,0.0006099594344865309,0.002987866393747067,0.001869099885662006,0.004467359884155622,0.013885852377743412,0.0038466016672957506,0.0016940227547502763,0.005381497012241635,0.0006928637207393606
130,2020-06-27,0.00017974687581086174,0.0005846044743289892,0.0029912887375439703,0.0017961333276936557,0.004499152797690613,0.01357849659920156,0.003542464255434899,0.001623387714088016,0.005168008419753805,0.000627740851680222
131,2020-06-28,0.00018052099253432173,0.0005886279149270715,0.002989226462395802,0.0017851885925706664,0.004584868775180822,0.013775102795167117,0.003533949565039115,0.001636700849186717,0.005388340993419656,0.0006309283858140343
132,2020-06-29,0.0001863114337769132,0.0006086069776532303,0.0031005813481318075,0.0018579360616311003,0.004678972581558799,0.013891707780794071,0.003586414535679808,0.0017406935008781152,0.005350612447050849,0.0006426412923837068
133,2020-06-30,0.0001809174718372769,0.0006237908726646807,0.0031350369034915475,0.0019145891019724508,0.0037330530234401696,0.013865783161201909,0.003027082403747662,0.0017657748015693152,0.005196204161529239,0.0005967427526515721
134,2020-07-01,0.00017530423027603578,0.0006201298799669769,0.0030267564624429396,0.0019441988281676686,0.0034223997643909134,0.014176724345058792,0.002489247944199942,0.0017589653532624433,0.005269958551548018,0.0005710274047269672
135,2020-07-02,0.0001709034967147309,0.0006131020984782491,0.003060721847060209,0.00194402895927181,0.003055130147610963,0.014080564982150507,0.002218729952107485,0.0018111065427793961,0.005057627797905102,0.000551221883701666
136,2020-07-03,0.00016862349325971412,0.0006100086584359024,0.003124041175847036,0.0019634539017964817,0.003004129282780084,0.014449964465323201,0.0019619701215917327,0.0018851279120631883,0.0051525453478971795,0.000542510201036137
137,2020-07-04,0.00016407930353444207,0.0006129874144653134,0.0031237194615212375,0.001966705565043435,0.0026864746727869072,0.01551973119396136,0.0018399103208863465,0.0018824619287531705,0.005165300828593092,0.0005111149163686511
138,2020-07-05,0.00016274268792595682,0.0006079463601740738,0.0031230963836569275,0.0019750222687248925,0.0026950003601133817,0.014850992193326754,0.0018235366250244462,0.001887492693318103,0.005322132970297775,0.0005007427155343036
139,2020-07-06,0.0001638712913970762,0.0006109770235038182,0.0030957768438584763,0.0019957729717693267,0.0026744678432411065,0.01342045590064377,0.001814808618955246,0.0018983457006517609,0.00555248962441595,0.0005083009057491644
140,2020-07-07,0.0001635980687536313,0.0006208743149788922,0.003114437467017507,0.002047855441015755,0.00247576036327958,0.013372678250598848,0.0017251955593432452,0.0019453197293658778,0.005469499411157929,0.0005073191683653451
141,2020-07-08,0.00015988608288824006,0.0006265736909646415,0.0030810980541324372,0.0021025231800437206,0.0022298777075467967,0.013312695018090496,0.0016092148409928306,0.0019564243111944678,0.005535206272912928,0.0004874306853367668
142,2020-07-09,0.00015726876510894106,0.0006286552404460445,0.003031840348406976,0.002189952072934065,0.0020524814173892908,0.012007368543733169,0.001539255102310023,0.00205650233585418,0.005583942900924737,0.0004695006172538596
143,2020-07-10,0.00015676008530583015,0.0006368500534672014,0.0030084757168561426,0.0022867437725554367,0.0019890156754466455,0.012392121581116876,0.0014511895823511103,0.0021316806578531217,0.006055731050592824,0.00046086920407731617
144,2020-07-11,0.00015408695216606166,0.0006406859780666306,0.003066444958922963,0.0023815489949497405,0.0019120348723884258,0.012329388903991718,0.0013604239990702236,0.002123812344931202,0.006203400668371831,0.0004456756478528155
145,2020-07-12,0.000153653108077436,0.0006394013352985824,0.0030811834355666443,0.00241573036110783,0.0018943048593389059,0.011663993280198483,0.001325025084201376,0.0021368046143316146,0.006276307098098709,0.00044552088776608827
146,2020-07-13,0.00015313421383833284,0.0006402379591454125,0.003087394868057809,0.002432523921984156,0.001914036266285282,0.011212594609725134,0.0013116230672017538,0.0021300255591597955,0.006616411781243378,0.0004395560386826698
147,2020-07-14,0.00014952657363567388,0.0006259141492314239,0.0031555943190660187,0.0025212848082312835,0.0018794823393813217,0.011527365568690362,0.0012357024743422248,0.002196153949692036,0.006972920338436982,0.00041961538570192697
148,2020-07-15,0.00014923784567085423,0.0006242824267200782,0.0032701942141629197,0.002535210233554865,0.0018766713923420641,0.011458872453264926,0.0012036596948531032,0.002260851765964987,0.007253909821811769,0.0004180822709268163
149,2020-07-16,0.00014942804676794963,0.0006325151265460747,0.003316307179024662,0.002547869949471129,0.0018996926478501,0.011185839521421806,0.001157831534883892,0.0023376853896838537,0.007271236369887703,0.00041833895741219025
150,2020-07-17,0.00014766993348577347,0.0006389101337876484,0.0034583442448178387,0.0025854218467631866,0.0018866968570755446,0.01121752173785059,0.0011843033453497163,0.0023013486878020466,0.007381020141828861,0.0003960684723917574
151,2020-07-18,0.00014641329357855962,0.0006454772903441484,0.0034288076202514096,0.002656093464359239,0.0019378955337772475,0.011197019008454283,0.0011554041757564591,0.0023424393936830983,0.007501969160554483,0.00038212011999063994
152,2020-07-19,0.00014709917275477225,0.0006516995168916969,0.003488917637734149,0.0026439433214824433,0.0019455030883312914,0.011445308926914552,0.001150869701155336,0.002445271267047594,0.0075028011266743645,0.0003811867632672813
153,2020-07-20,0.00014637811969878941,0.0006464962838657197,0.003484406084435075,0.0026647364651588828,0.0019533584291285193,0.011233953386647965,0.0011549438073344763,0.002465932930672373,0.007485225225118992,0.00037797565605625854
154,2020-07-21,0.00014024101652973316,0.0006480218390343348,0.0034854413571494924,0.0026878300767046166,0.002051986223927633,0.011202412778020667,0.00114457253530263,0.0025697138698130132,0.007626308647562347,0.0003340960368187833
155,2020-07-22,0.00014154790910629123,0.0006629217755368415,0.0038075681855827192,0.0027862354407167354,0.002119474158442131,0.01210799339662845,0.0011570528961482418,0.002586808067244454,0.00783760651430092,0.00032931605561107647
156,2020-07-23,0.00014037354666339986,0.000670273276951614,0.003843648281985487,0.0028876533502258635,0.002114358018158994,0.01321276519652126,0.001163990030414765,0.0027935019730798397,0.006554344454964057,0.00031884647215015075
157,2020-07-24,0.00013822272678147684,0.0006749604921366601,0.00401130293825515,0.002930921619433877,0.0021985323932754417,0.012912388045386754,0.0011181964158592434,0.002583911172810885,0.006389234892314916,0.0003111155771878812
158,2020-07-25,0.0001370471916976869,0.000692634674579199,0.0037424998469378955,0.002946597376067211,0.002116991801354,0.013891848120452526,0.00115058635784141,0.0027618353671239725,0.006186466902054814,0.0003005099446980205
159,2020-07-26,0.0001333847560131484,0.0006928914290275448,0.0037439375171077066,0.0029916588632493708,0.002119361017232131,0.015075876198986832,0.001171366727899112,0.002794355556412074,0.006004555972957976,0.0002808837637510024
160,2020-07-27,0.00013121020670152643,0.0006910482764643153,0.003761309586736128,0.003021190386622483,0.0021197921805019004,0.01589116865381595,0.0011651935876046684,0.0028092733918536317,0.006023582682024509,0.0002713844361593682
161,2020-07-28,0.0001244083509115573,0.0007079902310028513,0.0037980676071202547,0.0029807151359297654,0.002090114996876541,0.01529803910923178,0.0011883278393999656,0.0027490560968542765,0.005903351464308299,0.00024210771230797568
162,2020-07-29,0.00011867734883585638,0.0007232729649777315,0.003896783849920215,0.003030829158280706,0.002054971635335805,0.01498954717819891,0.0012220962265567248,0.002625304516729938,0.0056154358584355885,0.00022016149023693053
163,2020-07-30,0.00011589346009272498,0.0007350727803774928,0.003915496950986683,0.002931932212293781,0.002029397883267907,0.015873726686511526,0.001227738016381261,0.0025753612919126733,0.00552143917725363,0.00021079725109345078
164,2020-07-31,0.00011403805000004249,0.000747660985541483,0.004011433905799106,0.002831916270389694,0.0020183557275431194,0.01505766470438369,0.0011933665801730602,0.002567004926280553,0.005515788373871483,0.00020538120542102264
165,2020-08-01,0.00010954758169777736,0.0007509330882415823,0.003767131842827705,0.002594011968391522,0.0018969367322615755,0.016206980157676035,0.0011331737327449588,0.002366565441648826,0.005434767566165824,0.00019718491365167384
166,2020-08-02,0.0001073766073080078,0.0007529096320871334,0.003776172497701904,0.0025100937439240874,0.0018832968330016356,0.014729465563661568,0.0010831339568489137,0.0023549782730749556,0.0054329292721378465,0.00019260515422340061
167,2020-08-03,0.00010672612160622893,0.0007621175590065645,0.0037313414893560717,0.0024907575172097834,0.0018752695857319633,0.014079526164102024,0.001067249277124414,0.002345692196259695,0.005305618930672586,0.0001909736256576681
168,2020-08-04,0.0001073696579452717,0.0007668483477466382,0.003930569985578241,0.0024935406452987444,0.001830675083410548,0.012889163029081458,0.0010570501102980928,0.0023226630280450255,0.005464387276397604,0.00019342035127374398
169,2020-08-05,0.00010647856091291166,0.0007682372118546773,0.004072593601281973,0.0024983557028645693,0.0018359743651887048,0.012886427765347689,0.0010170210798332285,0.0022914711851538053,0.00557771381464092,0.00019127744689064315
170,2020-08-06,0.00010590343046746099,0.0007781075211999618,0.004109846425103533,0.0025411558081900342,0.0018221330409725128,0.013036867813523546,0.0010152488038356205,0.002311551803872168,0.00573392779610483,0.00018852953572258521
171,2020-08-07,0.00010527360917151696,0.0007915848057808551,0.0037896470227357392,0.002604086148485247,0.0017841972241224517,0.013331625527201291,0.0009756659786719015,0.002475905570545082,0.005712256956964879,0.00018702478477413247
172,2020-08-08,0.00010589272990463517,0.0008083892699059086,0.003846565152618391,0.002645320713125425,0.0018171408650284756,0.013483637112520682,0.0009022190645901,0.0025270904381632622,0.005850400423901688,0.00018982810802464903
173,2020-08-09,0.00010670762027838544,0.0008099824584778449,0.003868350778880431,0.0026203377392066906,0.0018132446054491178,0.013524200736431673,0.0008925790215855699,0.0025185266774375523,0.0059291888644056314,0.00019284241945999588
174,2020-08-10,0.00010730475231332257,0.0008030755404175356,0.0037447370283016945,0.0026400836093736983,0.0018095220887064446,0.01355532482127536,0.0008951976197375749,0.0025192721204937056,0.005928038680461469,0.00019535982598856431
175,2020-08-11,0.00011082834635603541,0.0008170407948417887,0.004076465602955771,0.0027065362869983477,0.0018071463759876537,0.013093084765179043,0.000882665812826479,0.002627341331111403,0.005795418740976259,0.00020543888857186545
176,2020-08-12,0.0001146965210075307,0.0007937721792347303,0.004197005165888055,0.0027213813741100096,0.0018394611715822603,0.0145442054813691,0.0008689345404974592,0.0027426086128463003,0.00597858371081256,0.0002192657260026899
177,2020-08-13,0.00011748089487783861,0.0008016800549154187,0.004195822811560234,0.0028920379513176207,0.001977487349155008,0.01617725529408975,0.0008669448914049103,0.0028169798656640615,0.006368413270419761,0.00022477486164842328
178,2020-08-14,0.00012021369207071388,0.0008045855211670538,0.00413973152982624,0.0030293886013579682,0.0021967620345112195,0.017633724785459094,0.0008674572905069294,0.0028788164565628923,0.006490988193614396,0.00023063113022244502
179,2020-08-15,0.00012313598372807677,0.0008118095316621781,0.004371189865314013,0.0033941421942154564,0.0023784673642297666,0.01728706995964355,0.0008811819327619744,0.002795674445817287,0.006539379837992569,0.0002359179676484289
180,2020-08-16,0.00012643143992661568,0.0008171109821881215,0.004366305585837715,0.003611345306790125,0.0024200031045901716,0.018643637482340405,0.0008900345409920021,0.002739943755567548,0.0066320987549337,0.0002455216811267532
181,2020-08-17,0.0001282822302833033,0.000822391795463454,0.004439292788891007,0.0036750515388487585,0.0024196558160417487,0.02120044381393635,0.0008969921673210718,0.0027424894156177367,0.006646490997521885,0.00025036846521681315
182,2020-08-18,0.00012733634546998744,0.0008322327784491964,0.004368774895604395,0.003558802631091326,0.002539492989692023,0.02350361424267992,0.0008837274081262392,0.0027093283133587985,0.006639959768056898,0.00024637226419336593
183,2020-08-19,0.00012292500192675711,0.0008249792796091986,0.0041544825194168135,0.0031106104570455245,0.0025117640139627998,0.0223006447457875,0.0008503731308429273,0.002278283859722051,0.006198643957639958,0.0002409235374722338
184,2020-08-20,0.00012153055055635736,0.0008050470968182642,0.004273383233906042,0.0030081843961033815,0.0032309371784064503,0.02263342472432952,0.0008086269752839307,0.002135123003086928,0.006433375707342991,0.0002371210808804473
185,2020-08-21,0.00012119153261233986,0.0007958326719269789,0.003847719571535782,0.0029539642727980744,0.003327904248493026,0.025208906224052776,0.0008230683105890298,0.0018202229321299685,0.006460334059588027,0.00024025759166020815
186,2020-08-22,0.00011505293341807987,0.0007894440269692702,0.003362402044056845,0.0028381797031957765,0.00332014256574949,0.023248275319396883,0.0008052504072954441,0.0011114587678066777,0.0063098752420101,0.00023741633373744426
187,2020-08-23,0.00011468119898706119,0.0007894051730879442,0.0033622064906119313,0.0028637129680785596,0.003412019089889733,0.024613359090276513,0.0008030828504862442,0.0010728215542421724,0.0062596465150370015,0.00023743887936134982
188,2020-08-24,0.00011411391511233832,0.0007950470759345032,0.0030166856296467456,0.0028336731911514086,0.00341805896216744,0.028607836442744432,0.000808468534045076,0.0010623205593453854,0.006249750100681485,0.00023659539556846308
189,2020-08-25,0.00011085773424757691,0.0008179350435478375,0.0023668558043063227,0.0028126309163601093,0.00434234734485988,0.021650483352607025,0.0007389659806555231,0.0008540771025269346,0.006648297677405922,0.00023906083735104392
190,2020-08-26,0.00010790892676871064,0.0008465826398316839,0.0018550419950256918,0.0027833369077940625,0.00414288787362345,0.009131280237548065,0.0006999634593708463,0.0007249570185982395,0.0066409007543078245,0.0002485697918045621
191,2020-08-27,0.00010400679263951589,0.0008494590094770438,0.001735653981166361,0.0027462523445979155,0.003981805651083641,0.005210580893341616,0.0007028907597082692,0.0006560618322631459,0.0065510945576776084,0.00024357897182000662
192,2020-08-28,9.808569231923522e-05,0.0007213821274965826,0.0016274780261639503,0.0027722656534741315,0.0036532673863498596,0.0040083445529137725,0.0007147733811050067,0.0006230361328747903,0.006581650468541901,0.00023291427441565318
193,2020-08-29,8.869339341263893e-05,0.0005190299549935501,0.0015553758302786686,0.0028842527362572374,0.003938212659071365,0.0022764265826664505,0.000710778302896609,0.0006063075388710317,0.006577114097651074,0.00021696863352227625
194,2020-08-30,8.687236837501759e-05,0.00048705691003516895,0.0015317551960485891,0.00292004374947565,0.003913873419012462,0.0021476067705439193,0.0007130345365817015,0.0006068903431507211,0.00654537223109496,0.00021362668112726238
195,2020-08-31,8.551983560126471e-05,0.00047160915916544407,0.0015040570401725862,0.002920386737992545,0.0038441702444091935,0.0020606132576400818,0.0007117851085992369,0.0006037835807341259,0.006445120082486343,0.00021088393977303511
196,2020-09-01,7.816897679363907e-05,0.0004008140017241569,0.0013032943171187423,0.0029231476714918106,0.003919159718844431,0.0019711032549807233,0.0007092353772280466,0.0005833180498226769,0.0058923251443043145,0.00019002964128387171
197,2020-09-02,7.190410516982629e-05,0.00032820919541542493,0.0012535380250844076,0.003125558339867302,0.004075741210208948,0.0013478930598619053,0.0007172176262382014,0.0005703009304779521,0.005445575376886949,0.000178619878968416
198,2020-09-03,6.795644045788724e-05,0.0003160857075545667,0.0011990307733502166,0.0031743599071298706,0.003483342272831465,0.0012130266418853366,0.0007394912687871104,0.0004924734160491257,0.005335486106969111,0.0001694953504543466
199,2020-09-04,6.423203899722883e-05,0.000308110635634344,0.0012187786702193473,0.0031891598865312156,0.003246573874295919,0.000921906388423562,0.0007317872057735858,0.00043501775705100776,0.004882811616543625,0.00016260779977466427
200,2020-09-05,6.148901171885316e-05,0.000302194262289852,0.0012104549668338137,0.0032082084671898195,0.0031998162689798205,0.0006803998460675723,0.0007451202088309768,0.00043589247730509194,0.00473337396190952,0.00015444170726699617
201,2020-09-06,5.973643167097613e-05,0.00030131239957044604,0.0012028526991865497,0.0032012844033011793,0.003178995037533326,0.0006367399639627721,0.0007483248535965842,0.00043006576657528246,0.00469857263421747,0.00014694589371787157
202,2020-09-07,5.8746718212794416e-05,0.00029913455190981424,0.0012504158975254656,0.0031366154409512206,0.0031389557015090884,0.0006336912156049463,0.0007487339294431869,0.000423850776280798,0.004646716656742286,0.0001423469053877051
203,2020-09-08,5.726345711798751e-05,0.00029458002678921496,0.0012501506253028015,0.0031496189960655294,0.0028296036480119926,0.0006212813975276551,0.0007793901264498007,0.0004216460615242755,0.004617656578507283,0.0001355220593912019
204,2020-09-09,5.629922640416399e-05,0.00029177985973195564,0.0013045153856035827,0.0031679975988744484,0.0028112728628634383,0.0006163222805672177,0.0008153533517124235,0.0004235331631014957,0.004569406479591969,0.00012940839031087853
205,2020-09-10,5.498036918739559e-05,0.0002850586112960826,0.0012741979338092761,0.0032665170782606124,0.0028828240776996106,0.000619546854641022,0.0008041881705588467,0.00042891592237477306,0.004509653071472557,0.00012440700651281716
206,2020-09-11,5.356744519776953e-05,0.00028466161768074663,0.001243716967622063,0.0033407420748948315,0.0029690780355785835,0.0006164935857487948,0.0007995492438528241,0.00040776911446713547,0.004343963609096854,0.00011998457665117306
207,2020-09-12,5.3046121620393844e-05,0.0002969406980635215,0.0012266443262601613,0.0033071115668125667,0.002918861762562433,0.0005879986540166185,0.0008129402481000882,0.0004073308235559228,0.004345594129557443,0.00011666204483939106
208,2020-09-13,5.158813342290096e-05,0.0002943951474589889,0.0011888724979922743,0.003063068825326407,0.0029038123488439637,0.0005814577665097006,0.0007561718010494069,0.0004011612986974309,0.0042989217541264235,0.00011289642135000159
209,2020-09-14,4.917061641669535e-05,0.0002873273210087249,0.0011634026080080465,0.0029556477258701514,0.0028711605651300705,0.000578497763312968,0.0007080350377331012,0.0003766430921363424,0.004288904700274973,0.0001065284219325643
210,2020-09-15,4.8718477952454175e-05,0.0002974079392091288,0.0012488596709564358,0.002997616181340215,0.0026484206613181464,0.0005732560926100675,0.0006961296857626049,0.0003628440573783235,0.004295899103653293,0.00010446549268541847
211,2020-09-16,4.96537153127384e-05,0.0003342988068236815,0.0012951916082011184,0.003018587628689516,0.0026052069984838144,0.0005848895987321931,0.0007020822518340502,0.0003573231936123118,0.004324372957336332,0.00010433739239501003
212,2020-09-17,5.0766014400948405e-05,0.0003472814529711999,0.0013678735403469058,0.00300835506515244,0.0026069400930405,0.0005862648750727869,0.0007073967216807949,0.00037892064333499604,0.004368384276435608,0.00010559060449485945
213,2020-09-18,5.364812113075082e-05,0.0003716854126163107,0.0014429283277251764,0.0032891731868157545,0.0027246932116769497,0.0006660686267059405,0.0007433562350548053,0.0004135428866653044,0.0045402399330516496,0.0001087280430447116
214,2020-09-19,5.6626254349873055e-05,0.0003940744178953798,0.0015076628598388417,0.0035884223749333742,0.0027097941521101393,0.0007829509727970025,0.0007702679387512506,0.0004338348683695792,0.0045892370688285,0.00011342337344335442
215,2020-09-20,5.7790065888914666e-05,0.00040135163333573356,0.0015141164408974134,0.0036189725727042116,0.002704627739799219,0.0008312139193927138,0.0007731639348987589,0.00043965180018364406,0.004580342364436214,0.00011596868688052201
216,2020-09-21,5.867220957251253e-05,0.0004046920689379546,0.0015421247790633973,0.003693390402010692,0.002736834040590813,0.0008450614536798124,0.0007776856059257221,0.0004476112787921501,0.00456560783702504,0.00011806335084679774
217,2020-09-22,6.147581180280434e-05,0.0004258996905271928,0.0017275980851211208,0.0037756653576002087,0.0029386454243836295,0.000873613423330562,0.0008307067708813638,0.0004637738410421701,0.004677416337145386,0.0001232458946240213
218,2020-09-23,6.406811910937027e-05,0.0004519843301890617,0.001841930827690069,0.0038232766617061773,0.003038060991010096,0.0009111524307820072,0.0008753995328984864,0.000480619328974164,0.004720616045913502,0.00012795859055525797
219,2020-09-24,6.705808889178545e-05,0.000472728513090448,0.002007648244591506,0.004012589260334713,0.003122470034081939,0.0009564148883207023,0.0009319902368071292,0.0005028914374360966,0.004957629886952934,0.0001332906425197864
220,2020-09-25,7.244221279119776e-05,0.0005077916945752986,0.0021832364049801612,0.004522727579364967,0.003352617328506828,0.0011115112869905777,0.0010093038847664357,0.0005658161352724401,0.005270702146191787,0.000141558619220933
221,2020-09-26,7.570860941142742e-05,0.0005104772011559346,0.0022627865494133557,0.004641032717498896,0.0029612164651760127,0.0013331966320084972,0.0010184615096146099,0.0005658116282134094,0.005430998759285958,0.00015155334057871252
222,2020-09-27,7.834984335432045e-05,0.0005172289305905611,0.0023256915924350875,0.005320416134161639,0.002926261407835114,0.0013946748051280246,0.001101744875289447,0.0005770114723646055,0.005527827605209326,0.00015695042085126895
223,2020-09-28,8.413756507022063e-05,0.0005482846513682911,0.0024043098223339213,0.005768841171821355,0.0029239492344216786,0.00141436316604125,0.0012856578910679104,0.000651812645381823,0.005688413046529511,0.00016690673216838547
224,2020-09-29,8.795643174150042e-05,0.0005612625434209819,0.002680185551962029,0.006222435491827628,0.003087686928973413,0.001449685605070757,0.001316124628835687,0.0007022869176587267,0.005812154858993514,0.00017342116803959812
225,2020-09-30,8.986032876454152e-05,0.0005745293870306711,0.002351324166617759,0.006961198148230997,0.0031395345790764945,0.0014744071958923137,0.0013757410713567942,0.0007028251965955422,0.006091918929167355,0.00017764788270407627
226,2020-10-01,8.661789488114208e-05,0.0005722717018365154,0.002247259291819932,0.006993431284922797,0.003034053917502476,0.0015328740647769675,0.0013423719127737923,0.0006942278020295606,0.006582378459416993,0.00016683619216386494
227,2020-10-02,8.271833650829481e-05,0.0005622662474038159,0.0021078968692489074,0.0064453441038997165,0.0026552077876118288,0.0014346690691931265,0.0012456845671008515,0.0006413475099986279,0.006339286692902324,0.00016128241754521062
228,2020-10-03,7.90308136145739e-05,0.0005588948711300949,0.0020447657552761867,0.006102105103001966,0.0026262171598898645,0.0010697613135628222,0.001207694924419117,0.0006105377984585684,0.005994831500332281,0.0001557172672845075
229,2020-10-04,7.825115528852482e-05,0.0005587706672365065,0.0020405434274147144,0.006098866492408344,0.00262851422752028,0.0010805176763298097,0.001219778773849951,0.0005851372509172802,0.005982747175028962,0.00015414193268089535
230,2020-10-05,7.761745862052052e-05,0.0005607752571650292,0.0020233424136262895,0.0060603310265781,0.0026284058682885434,0.0010497284594312493,0.0012267163619685028,0.0005797724509171574,0.006016046770441982,0.00015260380721838972
231,2020-10-06,7.488873088391068e-05,0.0005505598599115813,0.001979579198610991,0.005975077194033772,0.0025799481503273125,0.0010622615833852142,0.0012038088540714752,0.000532131518513631,0.006140219128252997,0.00014689729002668474
232,2020-10-07,7.094496984569718e-05,0.0005059143308532462,0.001983186136962102,0.005926408561617773,0.0024884085657015612,0.001024871681990625,0.0011773646135296056,0.00048413932081606747,0.006089587995499473,0.00014011697452207854
233,2020-10-08,6.785947123640209e-05,0.0004814389944936041,0.0019324771816998276,0.005745268327260476,0.002488456773193311,0.001002808036256719,0.0011302250172637639,0.00045363580948888334,0.006136874455996345,0.00013411668012409576
234,2020-10-09,6.415590344130432e-05,0.00043380991763259546,0.001816263512301998,0.00535810149024046,0.0024143759716872236,0.0009570745077858902,0.0010788887192428609,0.0004316297510077166,0.006107092950106256,0.00012811934155949073
235,2020-10-10,6.286525581817134e-05,0.0004247864238071493,0.0018481246728457837,0.0056846422458792754,0.002702674607164397,0.0009420009270843684,0.001057861750797517,0.00042483810527916703,0.006092726009699082,0.00012383722920472105
236,2020-10-11,6.415092576487004e-05,0.0004322899390125535,0.0019343831213825672,0.00587509100107245,0.00277733723223731,0.0009287298956475332,0.001082183033466784,0.0004319511887392451,0.006079298986852764,0.0001265741908683096
237,2020-10-12,6.433386006573433e-05,0.0004320093748381243,0.0019593406051216736,0.005752873062729106,0.0028560661036262816,0.0009027851214423555,0.0010756065353045726,0.0004294444038553647,0.006233022847477791,0.000127585213483099
238,2020-10-13,6.30230631944195e-05,0.00041561177288540946,0.0019922033800613237,0.005509450515262459,0.002872910057178606,0.0008544935435486801,0.0010203125227912604,0.0004116764359264874,0.00616569549628057,0.00012665833169144716
239,2020-10-14,6.238222996006435e-05,0.0003870807457583918,0.0023113691033024137,0.005369349475286289,0.002790819274708809,0.0008746003686346392,0.0010198002046177355,0.0004139430583482783,0.006155630191679849,0.00012561416555392625
240,2020-10-15,6.232501625141646e-05,0.00036768210356198503,0.002340709552752447,0.005543508926772315,0.002978254250412939,0.0008867622276459872,0.0010081971508674654,0.0004037142270194859,0.0060854084189933995,0.00012759939027487405
241,2020-10-16,6.173224062814021e-05,0.0003523807657747863,0.0024119629744857227,0.005852791759904118,0.0034197491823369534,0.0009246707399766185,0.0010118627668374066,0.00040072630166773925,0.006039841214292658,0.00012595399191301943
242,2020-10-17,6.114892772470121e-05,0.0003450966038043288,0.0024766763056916605,0.005833985264200725,0.0032351896463153986,0.0009996130156816755,0.0010173866083258,0.000403527169737509,0.0062314951780000185,0.00012312574963929947
243,2020-10-18,6.160664050799413e-05,0.0003461414061405635,0.0024976181838040523,0.005875154315211126,0.0032869465684601585,0.0009905370653796122,0.0010148979541772974,0.0004186035755446185,0.006130506020518491,0.00012369267179217455
244,2020-10-19,6.163411569184639e-05,0.00034451621968597124,0.0025263151791543722,0.005922008341109379,0.0033658260534298757,0.001023662091982857,0.0010137230390432639,0.0004183725224044119,0.006090115286000404,0.00012343674092531905
245,2020-10-20,6.089711014068736e-05,0.000335692740041994,0.0026143109806727512,0.005977157432605903,0.0033901640556079507,0.001021162837436396,0.001001683681946652,0.0004347546209451102,0.005955296156169206,0.00012031718441207238
246,2020-10-21,6.141680563026759e-05,0.00033436440693354055,0.0026484647038674883,0.005886464706418088,0.0034602865976233145,0.0010737059485598013,0.0010128777262464416,0.0004495961647897674,0.005987672630731927,0.00012057825546102424
247,2020-10-22,6.171260500552999e-05,0.0003264529181060359,0.002712843681646564,0.005867185149923431,0.0033665191340927028,0.0010869986335713918,0.0010237310861776058,0.00047412276878566604,0.006173287612507372,0.00012095635275485096
248,2020-10-23,6.211750070917593e-05,0.000322301136845195,0.002826580320634296,0.005931987626700926,0.0033261721969892652,0.0010788469453765722,0.001023307446147888,0.00048590569568225466,0.006150122059177249,0.00012223575264048373
249,2020-10-24,6.263433091332754e-05,0.0003131859197327838,0.002889949517260412,0.0059247136389031455,0.003154107989915751,0.001110188005676166,0.001052062706519398,0.0004948554895889942,0.006396960400477209,0.00012423291483904173
250,2020-10-25,6.241380677266067e-05,0.00031159868339721464,0.002817619881539789,0.0059235208877995325,0.003143095460704108,0.001085427693397116,0.001049932557156831,0.0004893662945417909,0.006496677768672666,0.0001241389687710528
251,2020-10-26,6.243860562999356e-05,0.000311693448899728,0.0028155179127159606,0.006012078179377536,0.0031548477017570267,0.0010514359585443664,0.0010550557139836637,0.0004907456592865145,0.006406422229925683,0.0001242582315694474
252,2020-10-27,6.218982783449255e-05,0.00029927713834840524,0.0028236511662957015,0.006295088337050008,0.003105019708044155,0.0010522775639407493,0.0011054831482896993,0.0005263110602970541,0.006486355007314647,0.0001224486172892817
253,2020-10-28,6.163788727702906e-05,0.00028873803395155427,0.002881258758944317,0.006551611130450736,0.0032792254091817143,0.0010068288043628482,0.0010980363940663786,0.0005502539422177515,0.006577134120871501,0.00012075933895786838
254,2020-10-29,6.139941340286665e-05,0.00028179917510257274,0.0028244154712541067,0.006476190863086604,0.0034103971976578665,0.0009908008453245526,0.0010592883864654647,0.0005737949857342894,0.0067271531828938455,0.00012064942603169861
255,2020-10-30,6.176503181376771e-05,0.0002822024714823928,0.00259472045947857,0.006167778413581681,0.0034372186644452095,0.00103011303436164,0.0010268238018651015,0.0005867809834000697,0.006819928763069693,0.00012145894996383377
256,2020-10-31,6.172111065112909e-05,0.000279973995261704,0.002440143845750452,0.00582432420632021,0.0036428132706622877,0.001117115535152272,0.0010232546533116673,0.0005833821924662618,0.006397148064652517,0.00012146044001837428
257,2020-11-01,6.126723895278241e-05,0.00027890154663461037,0.002263331742255799,0.005600541837980334,0.0036421892888027986,0.001095816800897069,0.0010274279973130976,0.0005808875871634782,0.006554447052279856,0.00012068126633265624
258,2020-11-02,6.110621962016389e-05,0.0002772801419138965,0.0022523503077106336,0.005637676972890674,0.003650188954924517,0.0010657121544644722,0.0010195192961474648,0.000580022794954605,0.006721845212447145,0.00012062681769392985
259,2020-11-03,6.111375058485784e-05,0.00027311001927774614,0.0022096929654019035,0.005761598625796353,0.00378680538449799,0.0010701511095382748,0.0010186341237791463,0.0005637649403422557,0.006802851972966227,0.0001219347360039125
260,2020-11-04,6.059487937468178e-05,0.0002684358819960277,0.0021323885607128492,0.005880341277555022,0.0037768453822638053,0.0010761837792737778,0.0009834588293312358,0.0005881370988681826,0.006897611363328652,0.00012092490553904355
261,2020-11-05,6.023673867850224e-05,0.0002626622459858222,0.0020971848324695735,0.005761540218276342,0.004045124804691886,0.0010933573896956981,0.0009601114841973432,0.0005955108225878432,0.006943411150421864,0.00012094383484618098
262,2020-11-06,5.9659366398599726e-05,0.00025684554218202704,0.0021579956580235937,0.005932499567090322,0.0046422718288422395,0.001153480532281272,0.0009482508658163805,0.0005861598938688616,0.006970158947655091,0.00011928266015366258
263,2020-11-07,5.863626832056446e-05,0.0002550487230894963,0.0022132796657564294,0.005856544204604295,0.0053795430287680275,0.001264895514168348,0.0009280575788842041,0.0006113681408531416,0.006707590297602763,0.00011409648676595914
264,2020-11-08,5.826995901330876e-05,0.0002516941302451235,0.002209342175430831,0.00585045178260235,0.005313625137429555,0.0012378755998217867,0.0009251878856444035,0.0006188148605334626,0.006763277148967443,0.00011319061198136536
265,2020-11-09,5.772878107449094e-05,0.0002493626937385416,0.002212846198835824,0.005857574250111333,0.005177002332881703,0.0012430947826437126,0.0009136056779439917,0.000618802833670119,0.006832909638403628,0.00011172222849240003
266,2020-11-10,5.585632333892391e-05,0.00024630500787221123,0.0022085760649253154,0.0058618692034783934,0.005437520591328026,0.0012472626887251057,0.0009207402030941401,0.0005815599529044937,0.0063692080774940905,0.00010647648095856407
267,2020-11-11,5.4100439448083744e-05,0.00024084731015601327,0.0021951055086533167,0.005973363764418317,0.005472997632901913,0.0013032943928709326,0.0009151146593945508,0.0005696350948854755,0.0055823985373419475,0.00010174347687933283
268,2020-11-12,5.25532140550695e-05,0.0002337534168311823,0.0022903699194382525,0.0061346430417607055,0.005635941714147696,0.0013175479447049762,0.0009397596460636125,0.0005727741139764219,0.005572715019552661,9.694904129403935e-05
269,2020-11-13,5.089053520125112e-05,0.00022685019168047413,0.0025432558674250193,0.006473787421242801,0.005734017926502416,0.0013387882760571472,0.0009552859639751308,0.0005888929073785915,0.005538431254558435,9.158781049307432e-05
270,2020-11-14,5.086845666118959e-05,0.0002214717408945895,0.002755157563718343,0.007144295426082696,0.005854810102444585,0.0013699634853087464,0.0009736012495555473,0.0006165209579442104,0.006087863087995702,9.085276672109494e-05
271,2020-11-15,5.0725434001538456e-05,0.00021745277392831516,0.0028347711347012443,0.007472307074698151,0.005614670921338796,0.0013738976484967695,0.000965941349598602,0.0006188558137175767,0.006102421017799715,9.101666840751899e-05
272,2020-11-16,5.071921274471328e-05,0.00021529993116939063,0.0028500212384238023,0.007585149534500955,0.005799822050166132,0.0013790139736190319,0.000975446389223158,0.0006254242299314928,0.006083048927023773,9.119861167701838e-05
273,2020-11-17,5.008911853883766e-05,0.00021124177787339802,0.0027736709880222888,0.007634409262532939,0.00590669958926114,0.0013831723017914187,0.0009635185471185742,0.0006219555112436393,0.0058932986870651,9.00894125469441e-05
274,2020-11-18,5.0005280171619655e-05,0.0002086884362337783,0.002750556954283759,0.007594141097033801,0.006146308820860659,0.0013629216008954103,0.0009883595549736962,0.0006159211737470435,0.005920636454883587,8.978093560144872e-05
275,2020-11-19,4.932271492716735e-05,0.0002071623379614834,0.002855577222455042,0.007175823801639333,0.006590878196655801,0.0013939991498447789,0.0010261843756466241,0.0006094319067435097,0.0060474784791802495,8.72233726328544e-05
276,2020-11-20,4.902074106396721e-05,0.0002069448153755114,0.0030202355763834033,0.006548627758510237,0.006462990639491243,0.0013917755867967829,0.0010474793555341115,0.0006185199332006876,0.006355421489688479,8.582763138243625e-05
277,2020-11-21,4.888186252679142e-05,0.00020545578706266475,0.0030377739866816965,0.00635176127461612,0.0066940491901037015,0.0014533558760913888,0.0010659545594489464,0.0006113356398608231,0.006633906617253834,8.546131724841691e-05
278,2020-11-22,4.864739524155058e-05,0.0002026986459088601,0.003087829302752353,0.006370649890190733,0.007191067469150131,0.0014344051604680524,0.001070906833594103,0.0006119165469465914,0.006873299689513133,8.527683838024511e-05
279,2020-11-23,4.825491483953932e-05,0.00019845899220170932,0.003082471350176385,0.006299150109965638,0.007342111076327387,0.0014222649756572073,0.001077199620711314,0.0006155377032513484,0.007379287645230626,8.501732684865188e-05
280,2020-11-24,4.890051075125794e-05,0.00019921753317204377,0.0031165370200572032,0.006202370591781359,0.006896931001434176,0.0014050237312079378,0.0010993438447006192,0.000673966061837151,0.008702492600929947,8.57210728422454e-05
281,2020-11-25,4.975032538667052e-05,0.0002014253436085712,0.0032471985246095123,0.006004078857002056,0.006744968231487106,0.0014028812252729458,0.001141409064443549,0.000684768256920395,0.011197046755484483,8.729931185256605e-05
282,2020-11-26,5.074347343096014e-05,0.00020538554529576778,0.0032213894372217643,0.005995123657300991,0.007035301550582346,0.0014241054775288957,0.0011885444889105225,0.000712425900133349,0.01141146725088974,8.874876850336369e-05
283,2020-11-27,5.209718228416685e-05,0.00020868065257957917,0.003236802497965662,0.00619078259690883,0.007702996295846584,0.0014156411801473296,0.0011860297272847566,0.00072755484569364,0.011579800838815182,9.196054724299707e-05
284,2020-11-28,5.227660552452936e-05,0.00021104260379918534,0.0032162484951230646,0.006211582805503429,0.007584668721581513,0.0013656263329496908,0.0011859662835364874,0.0007210154281248122,0.011909445569136092,9.249664461921256e-05
285,2020-11-29,5.239026106225677e-05,0.00021131381828245574,0.0034793854215578574,0.006226265850344639,0.007802686832313865,0.0013621668183576492,0.0011945651217961976,0.0007217652190875506,0.011539766565608619,9.249015943388523e-05
286,2020-11-30,5.234846981607254e-05,0.0002111254323566784,0.0034849799622166675,0.006330865733897147,0.007973693812156417,0.0013830900573941678,0.0011882423268369088,0.0007117828369372313,0.011551583661349446,9.256078045132802e-05
287,2020-12-01,5.3450977399230187e-05,0.00021576441806847986,0.0038275034786593356,0.006376361888724674,0.007895277382784078,0.0013834482930256508,0.001303041898187211,0.0007437458007695498,0.012659579852501572,9.37539844918991e-05
288,2020-12-02,5.402799760624024e-05,0.00022036207434758914,0.0041695951810464685,0.0067005950513015335,0.007692192639911891,0.0014195081991263425,0.0013055288188554834,0.000750638739945335,0.012664363176963603,9.419708016919623e-05
289,2020-12-03,5.484641396399333e-05,0.00022511796146399844,0.004190529859867086,0.007186390153243296,0.007942136155627803,0.00141452581683373,0.001311072309852258,0.0007349015837366969,0.013499008828903364,9.582349962861286e-05
290,2020-12-04,5.51381639281496e-05,0.0002288383581998015,0.004243462803141303,0.007827671540544978,0.008370957124637975,0.001423561679377194,0.0013298322176822032,0.0007092575189930822,0.012605920794570966,9.628137585180283e-05
291,2020-12-05,5.515293730631211e-05,0.00023277367776002264,0.0040777639014347505,0.008026201864195615,0.009434310433903493,0.0014490009244487224,0.0013449301900297051,0.0007111132594553666,0.012565707034510341,9.535308091039617e-05
292,2020-12-06,5.583390037557797e-05,0.00023830662532849139,0.004086615470330193,0.007985318277784379,0.009247007691400902,0.0014575152718011729,0.0013444507843152417,0.0007101896253331958,0.012417947044584158,9.620558531705099e-05
293,2020-12-07,5.624690343847336e-05,0.0002406590341420844,0.004084758414526952,0.008137494570276713,0.009073349607532926,0.0014532894821365039,0.001352953870108622,0.000708127610525832,0.012642003908032013,9.6861340670425e-05
294,2020-12-08,5.703568217682412e-05,0.00024216827641694238,0.00433185514131451,0.00847041205703677,0.01095984704747996,0.0014593709208767479,0.001362036007300783,0.0006839010451185058,0.013603834913080624,9.894995500007788e-05
295,2020-12-09,5.7534559355682095e-05,0.0002443726606872236,0.004246389388727906,0.008248412706468249,0.01145276966100941,0.0014490404548685245,0.0013887395249733135,0.0006665054896588641,0.01478467027878194,0.00010030505432426471
296,2020-12-10,5.813196001612962e-05,0.000244879898537251,0.0043839508840569285,0.008006726316853912,0.01064155047756497,0.001462552668979003,0.0013666557898304162,0.000643540566647791,0.015619381968524443,0.000102671730253002
297,2020-12-11,5.8417323375901245e-05,0.00024767597866498514,0.004425658090436483,0.007885802740877183,0.011992889402563559,0.0014643545794812273,0.001383358754092941,0.0006292493889767132,0.01585313898585511,0.00010324038558926139
298,2020-12-12,5.9710740683079936e-05,0.0002552229129300171,0.004653598531423524,0.007630055243723962,0.012248398702318189,0.0015098013343343628,0.001435057881599083,0.0006329752307979376,0.013855197916084262,0.00010525154310861074
299,2020-12-13,5.9986869189217066e-05,0.0002585118588316554,0.004562695923055968,0.007647390110286315,0.012118222818528828,0.001508332063281563,0.0014173705440816912,0.000628207657343908,0.014830857624980117,0.00010554063910490017
300,2020-12-14,5.9789223650401875e-05,0.00025408982081217977,0.0045554641765237465,0.007361091985032242,0.012148178559347585,0.0014990160896777046,0.001413515768333534,0.0006336194775625886,0.01511074178286504,0.00010549589671202682
301,2020-12-15,5.971304120620372e-05,0.0002500523589312727,0.004707446825757646,0.007076910838244449,0.01212647827862696,0.001511092950388753,0.0013439477581807255,0.0006279520791425678,0.015267451974633726,0.000106456589234316
302,2020-12-16,5.899038884061584e-05,0.0002483180088036733,0.004751983711353757,0.007006972510422706,0.012058979930154316,0.0014941434073689982,0.0013604520475576144,0.000625376892975984,0.015693173809186087,0.00010457816429741563
303,2020-12-17,5.921313944877846e-05,0.00024903821841645396,0.005025354919943505,0.007098992700987785,0.012202122267339759,0.001509680358919963,0.0013561737062081213,0.0006400269622364272,0.017387415651597436,0.00010455243829610916
304,2020-12-18,5.960035344125489e-05,0.00025435559574596173,0.0048039247972019245,0.007034422443840542,0.01213906852602835,0.0015531453658725431,0.001379004320153398,0.0005641869088720769,0.014836888916808129,0.00010661812337406974
305,2020-12-19,6.330293783875437e-05,0.0002653480807573096,0.004769878152628414,0.008072065326139596,0.011388208476451882,0.002305054819335066,0.001433338499010779,0.0005726306054796233,0.01683566428575038,0.00011361325906367578
306,2020-12-20,6.35197899292859e-05,0.0002677875986262483,0.004597615072718314,0.008027973056908711,0.011567990477028155,0.002573521557062648,0.0014349026195635232,0.0005451695240010769,0.016883248846779733,0.00011427365062288385
307,2020-12-21,6.357348035023955e-05,0.00026937087309261655,0.004587633793130245,0.007908385359118936,0.011706366428653027,0.002755453001664488,0.001445456279040131,0.0005327946166429965,0.016657906403149233,0.00011424239842501249
308,2020-12-22,6.34887130822895e-05,0.0002704612785434227,0.004610408385531703,0.007934622839920118,0.011407320139543198,0.0027667274634289706,0.0014532039225391754,0.0005127123694098283,0.016264374641925993,0.0001146365397408359
309,2020-12-23,6.405222340500808e-05,0.0002714990303818502,0.00472490947728975,0.008394428456067946,0.01127444729175258,0.0028042578007692357,0.0014414406882059493,0.0005033369313435282,0.01590217007248858,0.00011671686815971182
310,2020-12-24,6.487989897806481e-05,0.00027262341639327657,0.00471359573850001,0.008711617645217879,0.012583215478443691,0.002801106777097292,0.001483543677535693,0.0005123336998567101,0.01529598743995492,0.00011867426871009315
311,2020-12-25,6.620606607059066e-05,0.000276163005403927,0.004659214267610026,0.009511583701086717,0.011950119157022682,0.0030807358471663686,0.0014367723186879393,0.0005211894506269504,0.014496831693020119,0.00012208403422122433
312,2020-12-26,6.689784240480312e-05,0.0002777822242647445,0.004552116797086756,0.007894852569845689,0.011721828193828693,0.0035981267273082463,0.0013560295076494719,0.0005282393767360556,0.014667316033469827,0.00012418663959625143
313,2020-12-27,6.718641310757268e-05,0.00028019277338176137,0.004332873212344443,0.007937737489933278,0.011644880243324373,0.003598030222200321,0.001376045013010842,0.0005295648878528403,0.0147230529033865,0.00012468919418727185
314,2020-12-28,6.73621622808263e-05,0.00028304385094503435,0.004341778714166547,0.00823663302497488,0.011493620878131806,0.0036471979797331835,0.0013763086012194188,0.0005291357534185612,0.01477720731171547,0.00012478567509966484
315,2020-12-29,6.805874765404095e-05,0.00028941512779649155,0.0042397299455696445,0.00851305911487652,0.011747542561669759,0.0036765323831181255,0.0013926314979644007,0.0005434253129351162,0.01459529839338956,0.00012519233584671835
316,2020-12-30,7.050085508763069e-05,0.00029666379493089234,0.004191713021555134,0.008627175038017762,0.01180143283050741,0.003722418292055397,0.001370842120534707,0.0005510784785648519,0.015082939632084886,0.00013201817950795139
317,2020-12-31,7.267987684040909e-05,0.0003114317506373058,0.0038476937447008063,0.008510276519659406,0.011219897977709024,0.0036917510858271523,0.0013973166108798441,0.0005494734175311591,0.015077474709374924,0.0001370806584207689
318,2021-01-01,7.304451867825696e-05,0.0003222776604993992,0.003679138264758894,0.009658888687636848,0.011153161585564526,0.0036063573818173405,0.0013598963727663455,0.0005805520132162739,0.014960259168601869,0.00013501985551828694
319,2021-01-02,7.036203873373673e-05,0.00031720913316161134,0.003573669408618531,0.008351262698529663,0.01101620493019553,0.0028905231466471704,0.0013294935322421372,0.0005478215507809359,0.014163660874534256,0.00013042073748930057
320,2021-01-03,6.975382356861655e-05,0.00031588500630802774,0.0034980312883547133,0.00827155093076447,0.011163648322152102,0.002630296343542618,0.0013222760020532812,0.0005643907011073537,0.014251600008729399,0.0001284133006499824
321,2021-01-04,6.905694078331136e-05,0.00031498931687221125,0.0035092423395904323,0.008345657692801602,0.01105092204833674,0.0022301983824087367,0.001324283578178882,0.0005701971622765152,0.014252645782786701,0.00012668786849412235
322,2021-01-05,6.877664084075239e-05,0.00032835353297656444,0.0035222842465919457,0.008705547049841444,0.010932742446044919,0.0022207286627378064,0.0013336995957554444,0.0005910166409783922,0.0129838884475007,0.00012263344382249674
